[{"model": "admin.logentry", "pk": 1, "fields": {"action_time": "2023-04-03T08:07:28.287Z", "user": 1, "content_type": 13, "object_id": "8", "object_repr": "chicken", "action_flag": 2, "change_message": "[{\"changed\": {\"fields\": [\"Name\", \"Friendly name\"]}}]"}}, {"model": "admin.logentry", "pk": 2, "fields": {"action_time": "2023-04-03T08:07:47.951Z", "user": 1, "content_type": 13, "object_id": "4", "object_repr": "meat", "action_flag": 2, "change_message": "[{\"changed\": {\"fields\": [\"Name\", \"Friendly name\"]}}]"}}, {"model": "admin.logentry", "pk": 3, "fields": {"action_time": "2023-04-03T08:08:19.193Z", "user": 1, "content_type": 13, "object_id": "5", "object_repr": "fish", "action_flag": 2, "change_message": "[{\"changed\": {\"fields\": [\"Name\", \"Friendly name\"]}}]"}}, {"model": "admin.logentry", "pk": 4, "fields": {"action_time": "2023-04-03T08:08:35.008Z", "user": 1, "content_type": 13, "object_id": "5", "object_repr": "fish", "action_flag": 2, "change_message": "[{\"changed\": {\"fields\": [\"Friendly name\"]}}]"}}, {"model": "admin.logentry", "pk": 5, "fields": {"action_time": "2023-04-03T08:11:30.647Z", "user": 1, "content_type": 14, "object_id": "10", "object_repr": "Titus Fish", "action_flag": 2, "change_message": "[{\"changed\": {\"fields\": [\"Category\", \"Description\"]}}]"}}, {"model": "admin.logentry", "pk": 6, "fields": {"action_time": "2023-04-03T08:14:17.798Z", "user": 1, "content_type": 14, "object_id": "10", "object_repr": "Titus Fish", "action_flag": 2, "change_message": "[{\"changed\": {\"fields\": [\"Category\"]}}]"}}, {"model": "admin.logentry", "pk": 7, "fields": {"action_time": "2023-04-03T08:15:32.108Z", "user": 1, "content_type": 14, "object_id": "3", "object_repr": "Chicken Wings", "action_flag": 2, "change_message": "[{\"changed\": {\"fields\": [\"Category\", \"Description\"]}}]"}}, {"model": "admin.logentry", "pk": 8, "fields": {"action_time": "2023-04-03T08:16:03.493Z", "user": 1, "content_type": 14, "object_id": "16", "object_repr": "Prawns", "action_flag": 2, "change_message": "[{\"changed\": {\"fields\": [\"Category\", \"Description\"]}}]"}}, {"model": "admin.logentry", "pk": 9, "fields": {"action_time": "2023-04-03T08:16:21.410Z", "user": 1, "content_type": 14, "object_id": "17", "object_repr": "Shrimps", "action_flag": 2, "change_message": "[{\"changed\": {\"fields\": [\"Category\", \"Description\"]}}]"}}, {"model": "admin.logentry", "pk": 10, "fields": {"action_time": "2023-04-03T08:28:23.037Z", "user": 1, "content_type": 14, "object_id": "1", "object_repr": "Whole Chicken", "action_flag": 2, "change_message": "[{\"changed\": {\"fields\": [\"Category\", \"Description\"]}}]"}}, {"model": "admin.logentry", "pk": 11, "fields": {"action_time": "2023-04-03T08:29:32.181Z", "user": 1, "content_type": 14, "object_id": "6", "object_repr": "Chicken Gizzards", "action_flag": 2, "change_message": "[{\"changed\": {\"fields\": [\"Category\", \"Description\"]}}]"}}, {"model": "admin.logentry", "pk": 12, "fields": {"action_time": "2023-04-03T08:30:48.903Z", "user": 1, "content_type": 14, "object_id": "8", "object_repr": "Eggs", "action_flag": 2, "change_message": "[{\"changed\": {\"fields\": [\"Category\", \"Description\"]}}]"}}, {"model": "admin.logentry", "pk": 13, "fields": {"action_time": "2023-04-03T08:31:18.861Z", "user": 1, "content_type": 14, "object_id": "9", "object_repr": "Chicken Thigh", "action_flag": 2, "change_message": "[{\"changed\": {\"fields\": [\"Category\", \"Name\", \"Description\"]}}]"}}, {"model": "admin.logentry", "pk": 14, "fields": {"action_time": "2023-04-03T08:31:42.404Z", "user": 1, "content_type": 14, "object_id": "7", "object_repr": "Sausages", "action_flag": 2, "change_message": "[{\"changed\": {\"fields\": [\"Category\", \"Description\"]}}]"}}, {"model": "admin.logentry", "pk": 15, "fields": {"action_time": "2023-04-03T08:39:39.980Z", "user": 1, "content_type": 13, "object_id": "9", "object_repr": "titus_fish", "action_flag": 2, "change_message": "[{\"changed\": {\"fields\": [\"Name\"]}}]"}}, {"model": "admin.logentry", "pk": 16, "fields": {"action_time": "2023-04-03T08:41:27.286Z", "user": 1, "content_type": 13, "object_id": "10", "object_repr": "croaker_fish", "action_flag": 1, "change_message": "[{\"added\": {}}]"}}, {"model": "admin.logentry", "pk": 17, "fields": {"action_time": "2023-04-03T08:42:11.970Z", "user": 1, "content_type": 13, "object_id": "11", "object_repr": "tilapia_fish", "action_flag": 1, "change_message": "[{\"added\": {}}]"}}, {"model": "admin.logentry", "pk": 18, "fields": {"action_time": "2023-04-03T08:43:03.070Z", "user": 1, "content_type": 14, "object_id": "11", "object_repr": "Panla Fish", "action_flag": 2, "change_message": "[{\"changed\": {\"fields\": [\"Category\", \"Description\"]}}]"}}, {"model": "admin.logentry", "pk": 19, "fields": {"action_time": "2023-04-03T08:43:45.744Z", "user": 1, "content_type": 14, "object_id": "12", "object_repr": "Croaker Fish", "action_flag": 2, "change_message": "[{\"changed\": {\"fields\": [\"Category\", \"Description\"]}}]"}}, {"model": "admin.logentry", "pk": 20, "fields": {"action_time": "2023-04-03T08:44:09.455Z", "user": 1, "content_type": 14, "object_id": "13", "object_repr": "Kote Fish", "action_flag": 2, "change_message": "[{\"changed\": {\"fields\": [\"Category\", \"Description\"]}}]"}}, {"model": "admin.logentry", "pk": 21, "fields": {"action_time": "2023-04-03T08:44:32.782Z", "user": 1, "content_type": 14, "object_id": "14", "object_repr": "Tilapia Fish", "action_flag": 2, "change_message": "[{\"changed\": {\"fields\": [\"Category\", \"Description\"]}}]"}}, {"model": "admin.logentry", "pk": 22, "fields": {"action_time": "2023-04-03T08:44:52.587Z", "user": 1, "content_type": 14, "object_id": "15", "object_repr": "Grouper Fish", "action_flag": 2, "change_message": "[{\"changed\": {\"fields\": [\"Category\", \"Description\"]}}]"}}, {"model": "admin.logentry", "pk": 23, "fields": {"action_time": "2023-04-03T09:47:02.013Z", "user": 1, "content_type": 13, "object_id": "12", "object_repr": "chicken_drumsticks", "action_flag": 1, "change_message": "[{\"added\": {}}]"}}, {"model": "admin.logentry", "pk": 24, "fields": {"action_time": "2023-04-03T09:47:36.407Z", "user": 1, "content_type": 13, "object_id": "13", "object_repr": "smoked_chicken", "action_flag": 1, "change_message": "[{\"added\": {}}]"}}, {"model": "admin.logentry", "pk": 25, "fields": {"action_time": "2023-04-03T09:47:56.925Z", "user": 1, "content_type": 14, "object_id": "2", "object_repr": "Chicken Drumsticks", "action_flag": 2, "change_message": "[{\"changed\": {\"fields\": [\"Category\", \"Description\"]}}]"}}, {"model": "admin.logentry", "pk": 26, "fields": {"action_time": "2023-04-03T09:48:12.696Z", "user": 1, "content_type": 14, "object_id": "4", "object_repr": "Smoked Chicken", "action_flag": 2, "change_message": "[{\"changed\": {\"fields\": [\"Category\", \"Description\"]}}]"}}, {"model": "admin.logentry", "pk": 27, "fields": {"action_time": "2023-04-03T09:50:12.300Z", "user": 1, "content_type": 13, "object_id": "14", "object_repr": "stewing_beef", "action_flag": 1, "change_message": "[{\"added\": {}}]"}}, {"model": "admin.logentry", "pk": 28, "fields": {"action_time": "2023-04-03T09:50:47.065Z", "user": 1, "content_type": 13, "object_id": "15", "object_repr": "shaki", "action_flag": 1, "change_message": "[{\"added\": {}}]"}}, {"model": "admin.logentry", "pk": 29, "fields": {"action_time": "2023-04-03T09:51:14.274Z", "user": 1, "content_type": 13, "object_id": "16", "object_repr": "minced_meat", "action_flag": 1, "change_message": "[{\"added\": {}}]"}}, {"model": "admin.logentry", "pk": 30, "fields": {"action_time": "2023-04-03T09:51:25.436Z", "user": 1, "content_type": 13, "object_id": "17", "object_repr": "pomo", "action_flag": 1, "change_message": "[{\"added\": {}}]"}}, {"model": "admin.logentry", "pk": 31, "fields": {"action_time": "2023-04-03T09:52:05.570Z", "user": 1, "content_type": 14, "object_id": "20", "object_repr": "Stewing Beef", "action_flag": 2, "change_message": "[{\"changed\": {\"fields\": [\"Category\", \"Description\"]}}]"}}, {"model": "admin.logentry", "pk": 32, "fields": {"action_time": "2023-04-03T09:52:18.054Z", "user": 1, "content_type": 14, "object_id": "21", "object_repr": "Minced Meat", "action_flag": 2, "change_message": "[{\"changed\": {\"fields\": [\"Category\", \"Description\"]}}]"}}, {"model": "admin.logentry", "pk": 33, "fields": {"action_time": "2023-04-03T09:52:29.625Z", "user": 1, "content_type": 14, "object_id": "22", "object_repr": "Shaki", "action_flag": 2, "change_message": "[{\"changed\": {\"fields\": [\"Category\", \"Description\"]}}]"}}, {"model": "admin.logentry", "pk": 34, "fields": {"action_time": "2023-04-03T09:52:40.893Z", "user": 1, "content_type": 14, "object_id": "24", "object_repr": "Pomo", "action_flag": 2, "change_message": "[{\"changed\": {\"fields\": [\"Category\", \"Description\"]}}]"}}, {"model": "admin.logentry", "pk": 35, "fields": {"action_time": "2023-04-03T11:51:10.377Z", "user": 1, "content_type": 14, "object_id": "25", "object_repr": "test", "action_flag": 3, "change_message": ""}}, {"model": "admin.logentry", "pk": 36, "fields": {"action_time": "2023-05-09T17:10:19.223Z", "user": 1, "content_type": 18, "object_id": "1", "object_repr": "CODE01", "action_flag": 1, "change_message": "[{\"added\": {}}]"}}, {"model": "admin.logentry", "pk": 37, "fields": {"action_time": "2023-05-17T10:58:10.094Z", "user": 1, "content_type": 18, "object_id": "2", "object_repr": "DAYO01", "action_flag": 1, "change_message": "[{\"added\": {}}]"}}, {"model": "admin.logentry", "pk": 38, "fields": {"action_time": "2023-05-22T09:12:54.399Z", "user": 1, "content_type": 20, "object_id": "8", "object_repr": "Stewing Beef", "action_flag": 1, "change_message": "[{\"added\": {}}]"}}, {"model": "admin.logentry", "pk": 39, "fields": {"action_time": "2023-05-22T10:25:38.008Z", "user": 1, "content_type": 20, "object_id": "9", "object_repr": "Minced Meat", "action_flag": 1, "change_message": "[{\"added\": {}}]"}}, {"model": "admin.logentry", "pk": 40, "fields": {"action_time": "2023-05-22T11:10:25.389Z", "user": 1, "content_type": 20, "object_id": "10", "object_repr": "Chicken Drumsticks", "action_flag": 1, "change_message": "[{\"added\": {}}]"}}, {"model": "admin.logentry", "pk": 41, "fields": {"action_time": "2023-05-22T11:12:26.363Z", "user": 1, "content_type": 20, "object_id": "9", "object_repr": "Minced Meat", "action_flag": 2, "change_message": "[]"}}, {"model": "admin.logentry", "pk": 42, "fields": {"action_time": "2023-05-22T11:12:50.073Z", "user": 1, "content_type": 20, "object_id": "11", "object_repr": "Kote Fish", "action_flag": 1, "change_message": "[{\"added\": {}}]"}}, {"model": "admin.logentry", "pk": 43, "fields": {"action_time": "2023-05-22T11:14:02.215Z", "user": 1, "content_type": 20, "object_id": "12", "object_repr": "Grouper Fish", "action_flag": 1, "change_message": "[{\"added\": {}}]"}}, {"model": "admin.logentry", "pk": 44, "fields": {"action_time": "2023-05-22T11:16:24.621Z", "user": 1, "content_type": 20, "object_id": "13", "object_repr": "Prawns", "action_flag": 1, "change_message": "[{\"added\": {}}]"}}, {"model": "admin.logentry", "pk": 45, "fields": {"action_time": "2023-05-22T11:25:41.887Z", "user": 1, "content_type": 20, "object_id": "9", "object_repr": "Minced Meat", "action_flag": 3, "change_message": ""}}, {"model": "admin.logentry", "pk": 46, "fields": {"action_time": "2023-05-22T11:25:41.910Z", "user": 1, "content_type": 20, "object_id": "8", "object_repr": "Stewing Beef", "action_flag": 3, "change_message": ""}}, {"model": "admin.logentry", "pk": 47, "fields": {"action_time": "2023-05-22T12:01:19.801Z", "user": 1, "content_type": 20, "object_id": "14", "object_repr": "Shrimps", "action_flag": 1, "change_message": "[{\"added\": {}}]"}}, {"model": "admin.logentry", "pk": 48, "fields": {"action_time": "2023-05-22T12:07:05.229Z", "user": 1, "content_type": 20, "object_id": "15", "object_repr": "Croaker Fish", "action_flag": 1, "change_message": "[{\"added\": {}}]"}}, {"model": "admin.logentry", "pk": 49, "fields": {"action_time": "2023-05-22T12:07:21.432Z", "user": 1, "content_type": 20, "object_id": "16", "object_repr": "Titus Fish", "action_flag": 1, "change_message": "[{\"added\": {}}]"}}, {"model": "admin.logentry", "pk": 50, "fields": {"action_time": "2023-05-22T12:07:45.516Z", "user": 1, "content_type": 20, "object_id": "17", "object_repr": "Chicken Thigh", "action_flag": 1, "change_message": "[{\"added\": {}}]"}}, {"model": "admin.logentry", "pk": 51, "fields": {"action_time": "2023-05-22T13:19:07.730Z", "user": 1, "content_type": 20, "object_id": "17", "object_repr": "Chicken Thigh", "action_flag": 3, "change_message": ""}}, {"model": "admin.logentry", "pk": 52, "fields": {"action_time": "2023-05-22T13:21:23.708Z", "user": 1, "content_type": 20, "object_id": "14", "object_repr": "Shrimps", "action_flag": 3, "change_message": ""}}, {"model": "admin.logentry", "pk": 53, "fields": {"action_time": "2023-05-22T21:11:05.866Z", "user": 1, "content_type": 18, "object_id": "3", "object_repr": "CODE05", "action_flag": 1, "change_message": "[{\"added\": {}}]"}}, {"model": "admin.logentry", "pk": 54, "fields": {"action_time": "2023-05-22T21:11:20.474Z", "user": 1, "content_type": 18, "object_id": "2", "object_repr": "DAYO01", "action_flag": 2, "change_message": "[{\"changed\": {\"fields\": [\"Active\"]}}]"}}, {"model": "admin.logentry", "pk": 55, "fields": {"action_time": "2023-05-22T21:14:17.294Z", "user": 1, "content_type": 20, "object_id": "18", "object_repr": "Shrimps", "action_flag": 1, "change_message": "[{\"added\": {}}]"}}, {"model": "admin.logentry", "pk": 56, "fields": {"action_time": "2023-05-22T21:14:43.879Z", "user": 1, "content_type": 20, "object_id": "19", "object_repr": "Chicken Thigh", "action_flag": 1, "change_message": "[{\"added\": {}}]"}}, {"model": "auth.user", "pk": 1, "fields": {"password": "pbkdf2_sha256$260000$przyfBwQqlM10CilKJB6gc$c3q4rUoj75rxJ6XshBZdtBXeCb3rigu4krKOaahS8Vc=", "last_login": "2023-05-23T13:25:33.111Z", "is_superuser": true, "username": "toni", "first_name": "", "last_name": "", "email": "toni@test.com", "is_staff": true, "is_active": true, "date_joined": "2023-03-31T20:51:25.979Z", "groups": [], "user_permissions": []}}, {"model": "auth.user", "pk": 2, "fields": {"password": "pbkdf2_sha256$260000$CeRSIVzA5l0jIPoN6X52bl$TrmEzfed+tPYOV9/fJ2BnrAAGFrTBKA41AwIfD+fmf8=", "last_login": "2023-03-31T21:01:07.076Z", "is_superuser": false, "username": "dami", "first_name": "", "last_name": "", "email": "dami@test.com", "is_staff": false, "is_active": true, "date_joined": "2023-03-31T20:59:18.941Z", "groups": [], "user_permissions": []}}, {"model": "auth.user", "pk": 3, "fields": {"password": "pbkdf2_sha256$260000$5UIZzNcwqAtlSAHNBGsvBd$Tq4EU1Qe2STzeOqi5vZiifTanctg2jGfMjHc3VjmBZQ=", "last_login": null, "is_superuser": false, "username": "omotan", "first_name": "", "last_name": "", "email": "omotan@kiks.com", "is_staff": false, "is_active": true, "date_joined": "2023-04-05T14:32:41.915Z", "groups": [], "user_permissions": []}}, {"model": "auth.user", "pk": 4, "fields": {"password": "pbkdf2_sha256$260000$T0NX8iFR8JMzujwxkkCvaz$CNaNHSlzaOp1uMV/5Y96c9a5InlCSVi8W0KHITiG/70=", "last_login": null, "is_superuser": false, "username": "gold", "first_name": "", "last_name": "", "email": "gold@kiks.com", "is_staff": false, "is_active": true, "date_joined": "2023-04-05T14:35:13.724Z", "groups": [], "user_permissions": []}}, {"model": "auth.user", "pk": 5, "fields": {"password": "pbkdf2_sha256$260000$ZBR19u0glJ11zXpRU3NdRg$dwbZT7Q3M8ZRrPaNOx6X3BsWcMoz2WHr2Zrw1pYmI6E=", "last_login": null, "is_superuser": false, "username": "omoye", "first_name": "", "last_name": "", "email": "omoye@yahoo.com", "is_staff": false, "is_active": true, "date_joined": "2023-04-05T14:36:58.933Z", "groups": [], "user_permissions": []}}, {"model": "auth.user", "pk": 6, "fields": {"password": "pbkdf2_sha256$260000$QdjrnhHmNEk3PcXafhdf0C$M7voS54LxgjKlLmNTfX5lShC0AC7cwm8omiHFDfBVfs=", "last_login": null, "is_superuser": false, "username": "tania", "first_name": "", "last_name": "", "email": "tania@yahoo.com", "is_staff": false, "is_active": true, "date_joined": "2023-04-05T15:07:31.690Z", "groups": [], "user_permissions": []}}, {"model": "auth.user", "pk": 7, "fields": {"password": "pbkdf2_sha256$260000$zsvh95vwOqprIUBYYcsk3v$lMlj9QEBXX4psj+wEmGmRBDObpMgNuoaapvhh3QlsNo=", "last_login": null, "is_superuser": false, "username": "success", "first_name": "", "last_name": "", "email": "success@test.com", "is_staff": false, "is_active": true, "date_joined": "2023-04-05T17:17:47.077Z", "groups": [], "user_permissions": []}}, {"model": "auth.user", "pk": 8, "fields": {"password": "pbkdf2_sha256$260000$sKkmC2gSPEmV8Rp1GeHUsq$183fsOb6BaRM8xR9LjB5lfvQBcIyr8oFapHM8vI+bp0=", "last_login": null, "is_superuser": false, "username": "enitan", "first_name": "", "last_name": "", "email": "enitan@yahoo.com", "is_staff": false, "is_active": true, "date_joined": "2023-04-05T18:02:51.594Z", "groups": [], "user_permissions": []}}, {"model": "auth.user", "pk": 9, "fields": {"password": "pbkdf2_sha256$260000$joZrqStZ5d3fHMAEGiLKN9$txjHlz0ISTR8RlvtUxhGWtmRB73Yztu8BvqVUUbRbO4=", "last_login": "2023-04-06T11:23:10.911Z", "is_superuser": false, "username": "kiks", "first_name": "", "last_name": "", "email": "kiksgold@gmail.com", "is_staff": false, "is_active": true, "date_joined": "2023-04-05T21:14:09.545Z", "groups": [], "user_permissions": []}}, {"model": "auth.user", "pk": 10, "fields": {"password": "pbkdf2_sha256$260000$rEDUttkK52yrsHCkR50Voj$kjIK3jNq/Y6iSzjJcYwAhm6nzLk2PvEp1pRdc9CrfjM=", "last_login": "2023-04-21T13:20:35.512Z", "is_superuser": false, "username": "assessor", "first_name": "", "last_name": "", "email": "paxove8134@hrisland.com", "is_staff": false, "is_active": true, "date_joined": "2023-04-21T13:20:01.612Z", "groups": [], "user_permissions": []}}, {"model": "auth.user", "pk": 11, "fields": {"password": "pbkdf2_sha256$260000$GZhyhIRWcAShOdoOGPVvPx$NGc2m517Fn8dfr5bhPmyCkiTo7etBFYfLssEbk4hMhQ=", "last_login": "2023-05-02T07:13:54.792Z", "is_superuser": false, "username": "eval", "first_name": "", "last_name": "", "email": "vahem70943@pixiil.com", "is_staff": false, "is_active": true, "date_joined": "2023-05-02T07:13:24.029Z", "groups": [], "user_permissions": []}}, {"model": "auth.user", "pk": 12, "fields": {"password": "pbkdf2_sha256$260000$rZVT7zzEjCKsazNOIPpTwl$x9VQqTj7M1FuXWs0oemtulWVbQqw0ljbu00rJIPd3wc=", "last_login": "2023-05-09T21:06:01.039Z", "is_superuser": false, "username": "Daisy", "first_name": "", "last_name": "", "email": "mcgirr.daisy@gmail.com", "is_staff": false, "is_active": true, "date_joined": "2023-05-09T21:05:42.647Z", "groups": [], "user_permissions": []}}, {"model": "auth.user", "pk": 13, "fields": {"password": "pbkdf2_sha256$260000$Q3j9XezZW2RZ4sT060tXMU$ZWLfh0e0Epr0jJja9S8m8IU+93ANt+6/ozzSxa1DQvU=", "last_login": "2023-05-15T18:42:28.342Z", "is_superuser": false, "username": "Dammi", "first_name": "", "last_name": "", "email": "damtim2002@yahoo.co.uk", "is_staff": false, "is_active": true, "date_joined": "2023-05-15T18:41:33.297Z", "groups": [], "user_permissions": []}}, {"model": "auth.user", "pk": 14, "fields": {"password": "pbkdf2_sha256$260000$TeBC5pNXhvD9lrIEm6nyww$Y6i1BpgKkqsHRmE1Q7D3HAJsigqqSc8x6F7uyBTeUhw=", "last_login": null, "is_superuser": false, "username": "ajay", "first_name": "", "last_name": "", "email": "ajaybaby@test.com", "is_staff": false, "is_active": true, "date_joined": "2023-05-20T20:17:58.409Z", "groups": [], "user_permissions": []}}, {"model": "auth.user", "pk": 15, "fields": {"password": "pbkdf2_sha256$260000$M8fRtsxatdVUj2I4p7caqA$lwMI9IlAhSLYXg40rzQRbS9U7zCJ0SSAmtiD0ugxGgo=", "last_login": null, "is_superuser": false, "username": "omoh", "first_name": "", "last_name": "", "email": "omoh@test.com", "is_staff": false, "is_active": true, "date_joined": "2023-05-20T20:20:45.384Z", "groups": [], "user_permissions": []}}, {"model": "auth.user", "pk": 16, "fields": {"password": "pbkdf2_sha256$260000$OLD443b0KpuF50aptdGAzM$9iEuC35T3brhULdFf25+90RBrlBXkbtzo2OTDfav0r4=", "last_login": null, "is_superuser": false, "username": "yetunde", "first_name": "", "last_name": "", "email": "yetunde@test.com", "is_staff": false, "is_active": true, "date_joined": "2023-05-21T13:39:51.422Z", "groups": [], "user_permissions": []}}, {"model": "auth.user", "pk": 17, "fields": {"password": "pbkdf2_sha256$260000$bchua2QEExo9jU09C8IHiO$9GBvfEchIEZH09lbebYgp3Q0K4HdREXDPulVXwqAcQE=", "last_login": null, "is_superuser": false, "username": "cardy", "first_name": "", "last_name": "", "email": "cardy@test.com", "is_staff": false, "is_active": true, "date_joined": "2023-05-21T16:53:03.625Z", "groups": [], "user_permissions": []}}, {"model": "auth.user", "pk": 18, "fields": {"password": "pbkdf2_sha256$260000$zl9NIhoSvdEYbyuM6QkZCK$4nquDECryG4dlhwGoLRBwxO74sbGduAutMPIWWkU5c4=", "last_login": null, "is_superuser": false, "username": "omoope", "first_name": "", "last_name": "", "email": "omoope@test.com", "is_staff": false, "is_active": true, "date_joined": "2023-05-22T07:50:15.482Z", "groups": [], "user_permissions": []}}, {"model": "auth.user", "pk": 19, "fields": {"password": "pbkdf2_sha256$260000$P99zg9l5OHb1asOEg0MPHi$xW9my4v00lJJCruzqEHVqn7v0xSND1aZBnNSiVU0GIk=", "last_login": null, "is_superuser": false, "username": "boasdoor", "first_name": "", "last_name": "", "email": "boasdoor@test.com", "is_staff": false, "is_active": true, "date_joined": "2023-05-22T13:41:19.203Z", "groups": [], "user_permissions": []}}, {"model": "auth.user", "pk": 20, "fields": {"password": "pbkdf2_sha256$260000$GSsxMk6I2ciyjTV92t8R66$0DqEJj3LMJD0Auc7FHewUXNOdV1dktZmmgeD0sH7KdM=", "last_login": "2023-05-22T13:51:58.299Z", "is_superuser": false, "username": "curtain", "first_name": "", "last_name": "", "email": "curtain@test.com", "is_staff": false, "is_active": true, "date_joined": "2023-05-22T13:51:57.932Z", "groups": [], "user_permissions": []}}, {"model": "auth.user", "pk": 21, "fields": {"password": "pbkdf2_sha256$260000$wJqsEfdbvDfmJY11OCtfPW$IAaX5BnuaR9NMUQBvalQTNtR+mPH+a1iIoMF3mZs5Pc=", "last_login": "2023-05-22T21:18:54.672Z", "is_superuser": false, "username": "kike", "first_name": "", "last_name": "", "email": "kiksbello@gmail.com", "is_staff": false, "is_active": true, "date_joined": "2023-05-22T21:17:36.673Z", "groups": [], "user_permissions": []}}, {"model": "sessions.session", "pk": "2iql1bs3q6b5uufx7fugze9gh04mn8h1", "fields": {"session_data": "eyJjYXJ0Ijp7IjI0IjoxfX0:1pkBqY:LdX8kiekcNxcWdc0guD2ousmZy9TudblI0EM9q9N-yc", "expire_date": "2023-04-19T22:43:18.494Z"}}, {"model": "sessions.session", "pk": "3vy7vui9aweg7fzel342bezvv0dqu87a", "fields": {"session_data": "eyJzYXZlX2luZm8iOmZhbHNlfQ:1pydGb:BoZfwdnlKGiiENMn8jtuw8T6vo4DA5wTrrKuYJc8etg", "expire_date": "2023-05-29T18:49:53.640Z"}}, {"model": "sessions.session", "pk": "580v2kg50xqm8sowqvhjo8zecxlsmgpa", "fields": {"session_data": ".eJxVjDsOgzAQBe-yNbLWZo2xy_ScAXm9JpBEIPGpEHcPSBRJ-2be7NDGbe3bbclzOwgE0FD8bhzTO48XkFccn5NK07jOA6tLUTddVDNJ_jxu9y_Qx6U_316QiLAqvXHsXI3ZelORN3WyKC53VFoWRk7IujNRi2EWW2GZOtE-ntEU5xXCDhaCKUDXEKgAQxD0cXwBZo8-TA:1pktiv:XnezITObHSP5ZwuNdlyzBFokYPobKmSnQHXcDtAR3iw", "expire_date": "2023-04-21T21:34:21.380Z"}}, {"model": "sessions.session", "pk": "6zvwaebuq4sl3hohlsf2dlfr2ptoeqqc", "fields": {"session_data": ".eJxVjcsOgjAQRf-la0LaqX2x0x9phjKERlIMbY3G-O-CYaHL-zr3xTzWMvmaafVxYB0TkjW_Zo_hSmlPcJ53u8UQlppK--0ccW7Pm6JUYsASl3Q5Vn-oCfO0cawFPnIlBSJwa8wAehA6GJAGjFLaGScJJFA_ku4DgBLBWAeoDUp3cjs0U87bjafHLa5P1gngTnPesIx38jGNC-vKWun9ActfSZw:1pydCD:dDzgMaKfmAm0rgO4egxf9EazDSUza3Bm9kU8jq1CkdE", "expire_date": "2023-05-29T18:45:21.576Z"}}, {"model": "sessions.session", "pk": "9f3b0ipqth0yph2zih5o1vh4y1gssrbd", "fields": {"session_data": ".eJxVjktuwzAMRO_CtWGYppXIXnafMwg0xdRqXSmQrCBFkbvng6BAtu_NDOYPWCTVuLmz5nAM6p3-cFhhinVdm39bi2aYQKABx3VbnsAFf2fYv8OZ5Vvjw_gvjp-plRS3HOb2EWlftrSH5HX9eGXfBhYuy7092j0SmW5AnmnHKh7VesO7gXFgMUa6PZGXmayQQULpFUfquSe0dny-KlpKSNHp5RTyL0xdA4XP6kI8Jpi2XPV6Azl-Vkk:1pwUdl:khAla3e183mwFLlK_Kwv8Bb_bSPOIU_CfunsZ17Jty8", "expire_date": "2023-05-23T21:12:57.825Z"}}, {"model": "sessions.session", "pk": "akfiavoyn2etbexqqgd4jl7h3wmqnqdw", "fields": {"session_data": ".eJxVjkEOwiAURO_CummkUMAu3XsG8uF_LFrBlNZojHe3NY2J2_dmJvNi4H2e02TvNMYQCS1dIQ6sS_MwVD87FxpZxxyrmIV56r_ARlwY5__Qgb9QWg2eIZ1y7XOaxujqNVJvttTHjDQctuzfQA-lX9qAXhsllAMdfOCKyMlm3wZtZNs2rRdAJqBCJ41XQWjJBXJHy2ONQhizjhYqJeZk6XGL45N1u_cHDEZR1w:1ptkCx:KUrjl-8mbUkdR6VP_9LxMJ2UkjNv-gHZSlAUlQt6_hE", "expire_date": "2023-05-16T07:13:55.124Z"}}, {"model": "sessions.session", "pk": "eczlqcowrbjm40a7fhgw6dyywly4stam", "fields": {"session_data": ".eJxVjEsOgzAMBe_idRU5JiGEZfc9A7LjUGgrkPisEHcvSCza7Zt5s0HD69I165ynpleowcLtdxNO7zycQF88PEeTxmGZejGnYi46m8eo-XO_3L9Ax3N3vKOicw7LIlKQECrMPlLpIlXJo4bcusKLCkpCsS2xVRJRX2KRWrWRj2jiaYF6AyKo7b5_AVLtO_I:1pwfck:T_YBnHRhU3f6gds-Qe2ZYNxSzh8PjoqgoRP9A0Sai5A", "expire_date": "2023-05-24T08:56:38.346Z"}}, {"model": "sessions.session", "pk": "euz6cx5guj1bt0fl4nueofoay07e7ymg", "fields": {"session_data": "eyJjYXJ0Ijp7IjUiOjEsIjI0IjoxfX0:1pycGL:XlXZIDUudy1tvWtNJ2FMEqbTShY5KQH1-5N5TBJOBR8", "expire_date": "2023-05-29T17:45:33.078Z"}}, {"model": "sessions.session", "pk": "jqvvpwgdu9fpg93zrsiajolnb45te6h8", "fields": {"session_data": ".eJxVjkEOgyAURO_C2hBAEHHZfc9A-HyotgaMSDdN715tXLTbeTMv8yLW1W20tYTVTkgGwknzm4Hzj5AOgHeXbpn6nLZ1AnpU6EkLvWYM8-Xs_glGV8Z9bZBJKVnXGqFB654FZUQnjei9YqhDlK0CBAaeAY_CcRQAqDrW-ojcuF3qc11y-r5MdZ4bUtwz2CnFTIZtreH9AeaXQ9w:1q1DA6:rsnIO_Gg9rhTFd9vzOYkM4u-9j9hFqQQ_DTHgxv3Ok4", "expire_date": "2023-06-05T21:33:50.269Z"}}, {"model": "sessions.session", "pk": "jyg664f8vuruptykl34ylctl6wmhrr5v", "fields": {"session_data": ".eJxVjcFuwyAUBP_lnSPLQGsHH3PvN6Dl8ahpCVTGjlpV_ffEUaQq15nV7C81XMSlEitNEbnJgcBct7K6iywpJglOzkiZprLl_G-3JgtNBDqQw7bOd-BSuDHVP0MP_pSym_CB8l47rmVdku_2SfewrXurQfLpsX0KzGjz_hW1f7UD26gsuJfRxCOMGbTiOHAPzzracQQ0EJTyQYdbXPgIGGteZI82aS3V4uT7Ky0_NPV_V3HKWQQ:1ppqgl:Uo1ahv30yS_hZwd7lpX1fu8NExIzdRnlKr015TTynBI", "expire_date": "2023-05-05T13:20:35.589Z"}}, {"model": "sessions.session", "pk": "kf8vnkzvs5icr55jfqa5pnrrk68ccd43", "fields": {"session_data": "eyJjYXJ0Ijp7IjQiOjQsIjE4IjoxfX0:1pwg8C:E0biDuwtlB-VTkgKKxf6t9uYDanJhA4h76NIyqJ5nvI", "expire_date": "2023-05-24T09:29:08.662Z"}}, {"model": "sessions.session", "pk": "mgqboy4x65x3as6szadpn71ar6bicn66", "fields": {"session_data": ".eJxVjMsOwiAQRf-FtSHDu7h07zcQhgGpGkhKuzL-uzbpQrf3nHNfLMRtrWEbeQkzsTMT7PS7YUyP3HZA99hunafe1mVGviv8oINfO-Xn5XD_Dmoc9Vt7Aq01WOWlQ-cmyMZLq72ckgFyuWhlkBAwAYoioyCJSMaCSoWEj-z9AbcqN5M:1q13gz:vN9AFBtitL5BHwqLx0-hKr5HN3JxxqM1qJucMpfSQ-M", "expire_date": "2023-06-05T11:27:09.831Z"}}, {"model": "sessions.session", "pk": "nuou7eg1xljztw3dstfx4c6gldt7qmp7", "fields": {"session_data": "eyJjYXJ0Ijp7IjciOjF9fQ:1pzEgt:BhoGCk4s0ggLqu4BLSygMyQIJizAy7ey--7mhB2K53c", "expire_date": "2023-05-31T10:47:31.501Z"}}, {"model": "sessions.session", "pk": "oajuyu81i3t56ltrzmh2psaj50mqu7v4", "fields": {"session_data": ".eJxljt0KwjAMRt8l12NkP211d_oiJe0yVqydrO1QxHd3jiGIlznny5c8gaydckh64dkNjnvNV3IeupC9L742R56hgyMUoCmncQPa9f_MkL1w-Ajy_oPLvaPcMruO5WmdOCRnKbkpnPetn6qR4rj2IIq2MoqFMlXNXEtClEoYW6FSEqlpZSOIhkMv15AgbiVWjULTi_owiO2_yDGuZzTfb25-QIcFRFpYuzBM0KU58-sN87paRA:1pkVbD:-DyBDtYMhwocEoRtJ_GTCMJfdCGBAv9grJnTjhynzCM", "expire_date": "2023-04-20T19:48:47.493Z"}}, {"model": "sessions.session", "pk": "q2774ijztotn5vxqjept5a9f771jqr8m", "fields": {"session_data": "eyJjYXJ0Ijp7IjUiOjMsIjEwIjoxLCIxNiI6MX19:1pkTMn:IAdYuBLeqTLnCVe7B_42JMIXB0LxnIjNKlgNt9CLst4", "expire_date": "2023-04-20T17:25:45.035Z"}}, {"model": "sessions.session", "pk": "t5k3cqcprnawqmhnq631xywie54cqlgo", "fields": {"session_data": ".eJxVj0FuwyAQRe8ya8sKYBzby-xzBgTMUNMSiMBEiaLcvaaKVGX73p-v-U8o-kbKR5dg2XKlDrS1qcZN3Sh75wkVXbQPsMQawr-thTIsEKADpeu2_gHlcWecfUKj7Q_FZvBbx6_U2xS37E3fIv3blv6ckMLpnf0oWHVZ9-sjMklIo7Mjt26wg7Bco8QZrZlGlJINXDgmmRGHSRs0EqWbxBE5Oj7PopUWKsWnqOh-9fkBy6GDfc91J-31NvH1CyVAXhg:1q1Czd:_qJq7ia7IW40hoQwD1HabvELnHsVEtPNP9JiPYxf4NU", "expire_date": "2023-06-05T21:23:01.293Z"}}, {"model": "sessions.session", "pk": "u5bpgikfug2daylpbj5bbz64cb4gh6cx", "fields": {"session_data": ".eJyrVkpOLCpRsqpWMjJWsjLUUTIHkrU6SonJyfmleSXxZalFmWmZqSnxqbmJmTlKVnmlOTkI2dLi1CIlK6UUpVoAQucYAg:1pyd8Y:V_Rk9wTz2kAAS7GTC4ZYgfjYk7J5yOMYvszXVH0Rqfg", "expire_date": "2023-05-29T18:41:34.747Z"}}, {"model": "sessions.session", "pk": "u6a79ssdzzr1hl1947r1i1hxzbam5kmp", "fields": {"session_data": ".eJxVjMsOwiAQRf-FtSHDu7h07zcQhgGpGkhKuzL-uzbpQrf3nHNfLMRtrWEbeQkzsTMT7PS7YUyP3HZA99hunafe1mVGviv8oINfO-Xn5XD_Dmoc9Vt7Aq01WOWlQ-cmyMZLq72ckgFyuWhlkBAwAYoioyCJSMaCSoWEj-z9AbcqN5M:1q1S17:ntz6jnZUIXHCp4bs50esQaN1Z5Gq2h5gwUbAR2vJn1E", "expire_date": "2023-06-06T13:25:33.184Z"}}, {"model": "sites.site", "pk": 1, "fields": {"domain": "example.com", "name": "example.com"}}, {"model": "account.emailaddress", "pk": 1, "fields": {"user": 2, "email": "dami@test.com", "verified": true, "primary": true}}, {"model": "account.emailaddress", "pk": 2, "fields": {"user": 1, "email": "toni@test.com", "verified": false, "primary": false}}, {"model": "account.emailaddress", "pk": 3, "fields": {"user": 3, "email": "omotan@kiks.com", "verified": false, "primary": true}}, {"model": "account.emailaddress", "pk": 4, "fields": {"user": 4, "email": "gold@kiks.com", "verified": false, "primary": true}}, {"model": "account.emailaddress", "pk": 5, "fields": {"user": 5, "email": "omoye@yahoo.com", "verified": false, "primary": true}}, {"model": "account.emailaddress", "pk": 6, "fields": {"user": 6, "email": "tania@yahoo.com", "verified": false, "primary": true}}, {"model": "account.emailaddress", "pk": 7, "fields": {"user": 7, "email": "success@test.com", "verified": false, "primary": true}}, {"model": "account.emailaddress", "pk": 8, "fields": {"user": 8, "email": "enitan@yahoo.com", "verified": false, "primary": true}}, {"model": "account.emailaddress", "pk": 9, "fields": {"user": 9, "email": "kiksgold@gmail.com", "verified": true, "primary": true}}, {"model": "account.emailaddress", "pk": 10, "fields": {"user": 10, "email": "paxove8134@hrisland.com", "verified": true, "primary": true}}, {"model": "account.emailaddress", "pk": 11, "fields": {"user": 11, "email": "vahem70943@pixiil.com", "verified": true, "primary": true}}, {"model": "account.emailaddress", "pk": 12, "fields": {"user": 12, "email": "mcgirr.daisy@gmail.com", "verified": true, "primary": true}}, {"model": "account.emailaddress", "pk": 13, "fields": {"user": 13, "email": "damtim2002@yahoo.co.uk", "verified": true, "primary": true}}, {"model": "account.emailaddress", "pk": 14, "fields": {"user": 14, "email": "ajaybaby@test.com", "verified": false, "primary": true}}, {"model": "account.emailaddress", "pk": 15, "fields": {"user": 15, "email": "omoh@test.com", "verified": false, "primary": true}}, {"model": "account.emailaddress", "pk": 16, "fields": {"user": 16, "email": "yetunde@test.com", "verified": false, "primary": true}}, {"model": "account.emailaddress", "pk": 17, "fields": {"user": 17, "email": "cardy@test.com", "verified": false, "primary": true}}, {"model": "account.emailaddress", "pk": 18, "fields": {"user": 18, "email": "omoope@test.com", "verified": false, "primary": true}}, {"model": "account.emailaddress", "pk": 19, "fields": {"user": 19, "email": "boasdoor@test.com", "verified": false, "primary": true}}, {"model": "account.emailaddress", "pk": 20, "fields": {"user": 20, "email": "curtain@test.com", "verified": false, "primary": true}}, {"model": "account.emailaddress", "pk": 21, "fields": {"user": 21, "email": "kiksbello@gmail.com", "verified": true, "primary": true}}, {"model": "products.category", "pk": 1, "fields": {"name": "boneless_chicken", "friendly_name": "Boneless Chicken"}}, {"model": "products.category", "pk": 2, "fields": {"name": "chicken_wings", "friendly_name": "Chicken Wings"}}, {"model": "products.category", "pk": 3, "fields": {"name": "crabs", "friendly_name": "Crabs"}}, {"model": "products.category", "pk": 4, "fields": {"name": "meat", "friendly_name": "Meat"}}, {"model": "products.category", "pk": 5, "fields": {"name": "fish", "friendly_name": "Fish"}}, {"model": "products.category", "pk": 6, "fields": {"name": "prawns", "friendly_name": "Prawns"}}, {"model": "products.category", "pk": 7, "fields": {"name": "shrimps", "friendly_name": "Shrimps"}}, {"model": "products.category", "pk": 8, "fields": {"name": "chicken", "friendly_name": "Chicken"}}, {"model": "products.category", "pk": 9, "fields": {"name": "titus_fish", "friendly_name": "Titus"}}, {"model": "products.category", "pk": 10, "fields": {"name": "croaker_fish", "friendly_name": "Croaker Fish"}}, {"model": "products.category", "pk": 11, "fields": {"name": "tilapia_fish", "friendly_name": "Tilapia Fish"}}, {"model": "products.category", "pk": 12, "fields": {"name": "chicken_drumsticks", "friendly_name": "Chicken Drumsticks"}}, {"model": "products.category", "pk": 13, "fields": {"name": "smoked_chicken", "friendly_name": "Smoked Chicken"}}, {"model": "products.category", "pk": 14, "fields": {"name": "stewing_beef", "friendly_name": "Stewing Beef"}}, {"model": "products.category", "pk": 15, "fields": {"name": "shaki", "friendly_name": "Shaki"}}, {"model": "products.category", "pk": 16, "fields": {"name": "minced_meat", "friendly_name": "Minced Meat"}}, {"model": "products.category", "pk": 17, "fields": {"name": "pomo", "friendly_name": "Pomo"}}, {"model": "products.product", "pk": 1, "fields": {"category": 8, "sku": "boach01", "name": "Whole Chicken", "description": "Buy a kg of our fresh locally sourced whole chicken. Our products are delivered to you in perfect condition, undamaged and fresh. Otherwise, we accept a refund if it is in bad shape and complies with our refund policy.", "price": "2700.00", "rating": "4.60", "image_url": "https://kboa-foods.s3.amazonaws.com/media/fresh_whole_chicken1.jpeg", "image": "fresh_whole_chicken1.jpeg", "users_wishlist": []}}, {"model": "products.product", "pk": 2, "fields": {"category": 12, "sku": "boach02", "name": "Chicken Drumsticks", "description": "Buy a kg of our fresh locally sourced chicken laps. Our products are delivered to you in perfect condition, undamaged and fresh. Otherwise, we accept a refund if it is in bad shape and complies with our refund policy.", "price": "3500.00", "rating": "4.20", "image_url": "https://kboa-foods.s3.amazonaws.com/media/chicken_drumsticks1.jpeg", "image": "chicken_drumsticks1.jpeg", "users_wishlist": []}}, {"model": "products.product", "pk": 3, "fields": {"category": 2, "sku": "boach03", "name": "Chicken Wings", "description": "Buy a kg of our fresh locally sourced chicken wings. Our products are delivered to you in perfect condition, undamaged and fresh. Otherwise, we accept a refund if it is in bad shape and complies with our refund policy.", "price": "3000.00", "rating": "4.80", "image_url": "https://kboa-foods.s3.amazonaws.com/media/chicken_wings1.jpeg", "image": "chicken_wings1.jpeg", "users_wishlist": []}}, {"model": "products.product", "pk": 4, "fields": {"category": 13, "sku": "boach04", "name": "Smoked Chicken", "description": "Buy a kg of our fresh locally sourced smoked chicken. Our products are delivered to you in perfect condition, undamaged and fresh. Otherwise, we accept a refund if it is in bad shape and complies with our refund policy.", "price": "3500.00", "rating": "5.00", "image_url": "https://kboa-foods.s3.amazonaws.com/media/smoked_whole_chicken.jpeg", "image": "smoked_whole_chicken.jpeg", "users_wishlist": []}}, {"model": "products.product", "pk": 5, "fields": {"category": 1, "sku": "boach05", "name": "Chicken Breast", "description": "Buy a kg of our fresh locally sourced chicken breast. Our products are delivered to you in perfect condition, undamaged and fresh. Otherwise, we accept a refund if it is in bad shape and complies with our refund policy. ", "price": "3200.00", "rating": "4.80", "image_url": "https://kboa-foods.s3.amazonaws.com/media/chicken_breast1.jpeg", "image": "chicken_breast1.jpeg", "users_wishlist": []}}, {"model": "products.product", "pk": 6, "fields": {"category": 8, "sku": "boach06", "name": "Chicken Gizzards", "description": "Buy a kg of our fresh locally sourced chicken gizzards. Our products are delivered to you in perfect condition, undamaged and fresh. Otherwise, we accept a refund if it is in bad shape and complies with our refund policy.", "price": "2800.00", "rating": "4.50", "image_url": "https://kboa-foods.s3.amazonaws.com/media/chicken_gizzards1.jpeg", "image": "chicken_gizzards1.jpeg", "users_wishlist": []}}, {"model": "products.product", "pk": 7, "fields": {"category": 4, "sku": "boach08", "name": "Sausages", "description": "Buy a pack of our fresh sausages. Our products are delivered to you in perfect condition, undamaged and fresh. Otherwise, we accept a refund if it is in bad shape and complies with our refund policy.", "price": "1000.00", "rating": "3.80", "image_url": "https://kboa-foods.s3.amazonaws.com/media/sausages1.jpeg", "image": "sausages1.jpeg", "users_wishlist": []}}, {"model": "products.product", "pk": 8, "fields": {"category": 8, "sku": "boach09", "name": "Eggs", "description": "Buy a crate of our fresh eggs. Our products are delivered to you in perfect condition, undamaged and fresh. Otherwise, we accept a refund if it is in bad shape and complies with our refund policy.", "price": "2500.00", "rating": "4.50", "image_url": "https://kboa-foods.s3.amazonaws.com/media/fresh_eggs11.jpeg", "image": "fresh_eggs11.jpeg", "users_wishlist": []}}, {"model": "products.product", "pk": 9, "fields": {"category": 8, "sku": "boach10", "name": "Chicken Thigh", "description": "Buy a kg of our chicken laps. Our products are delivered to you in perfect condition, undamaged and fresh. Otherwise, we accept a refund if it is in bad shape and complies with our refund policy.", "price": "3200.00", "rating": "4.60", "image_url": "https://kboa-foods.s3.amazonaws.com/media/chicken_thigh1.jpeg", "image": "chicken_thigh1.jpeg", "users_wishlist": []}}, {"model": "products.product", "pk": 10, "fields": {"category": 9, "sku": "boafi10", "name": "Titus Fish", "description": "Buy a kg of our frozen (mackerel) titus fish. Our products are delivered to you in perfect condition, undamaged and fresh. Otherwise, we accept a refund if it is in bad shape and complies with our refund policy.", "price": "2500.00", "rating": "4.50", "image_url": "https://kboa-foods.s3.amazonaws.com/media/Titus_Fish1.jpeg", "image": "Titus_Fish1.jpeg", "users_wishlist": []}}, {"model": "products.product", "pk": 11, "fields": {"category": 5, "sku": "boafi11", "name": "Panla Fish", "description": "Buy a kg of our frozen (hake) panla fish. Our products are delivered to you in perfect condition, undamaged and fresh. Otherwise, we accept a refund if it is in bad shape and complies with our refund policy.", "price": "2200.00", "rating": "4.20", "image_url": "https://kboa-foods.s3.amazonaws.com/media/hake_fish2.jpeg", "image": "hake_fish2.jpeg", "users_wishlist": []}}, {"model": "products.product", "pk": 12, "fields": {"category": 10, "sku": "boafi12", "name": "Croaker Fish", "description": "Buy a kg of our frozen croaker fish. Our products are delivered to you in perfect condition, undamaged and fresh. Otherwise, we accept a refund if it is in bad shape and complies with our refund policy.", "price": "2800.00", "rating": "4.60", "image_url": "https://kboa-foods.s3.amazonaws.com/media/croaker_fish1.jpeg", "image": "croaker_fish1.jpeg", "users_wishlist": []}}, {"model": "products.product", "pk": 13, "fields": {"category": 5, "sku": "boafi13", "name": "Kote Fish", "description": "Buy a kg of our frozen (horse-mackerel) kote fish. Our products are delivered to you in perfect condition, undamaged and fresh. Otherwise, we accept a refund if it is in bad shape and complies with our refund policy.", "price": "1800.00", "rating": "4.00", "image_url": "https://kboa-foods.s3.amazonaws.com/media/kote_fish1.jpeg", "image": "kote_fish1.jpeg", "users_wishlist": []}}, {"model": "products.product", "pk": 14, "fields": {"category": 11, "sku": "boafi14", "name": "Tilapia Fish", "description": "Buy a kg of our frozen tilapia fish. Our products are delivered to you in perfect condition, undamaged and fresh. Otherwise, we accept a refund if it is in bad shape and complies with our refund policy.", "price": "2200.00", "rating": "4.20", "image_url": "https://kboa-foods.s3.amazonaws.com/media/tilapia_fish4.jpeg", "image": "tilapia_fish4.jpeg", "users_wishlist": []}}, {"model": "products.product", "pk": 15, "fields": {"category": 5, "sku": "boafi15", "name": "Grouper Fish", "description": "Buy a kg of our frozen grouper fish. Our products are delivered to you in perfect condition, undamaged and fresh. Otherwise, we accept a refund if it is in bad shape and complies with our refund policy.", "price": "2000.00", "rating": "3.90", "image_url": "https://kboa-foods.s3.amazonaws.com/media/grouper_fish1.jpeg", "image": "grouper_fish1.jpeg", "users_wishlist": []}}, {"model": "products.product", "pk": 16, "fields": {"category": 6, "sku": "boafi16", "name": "Prawns", "description": "Buy a kg of our frozen prawns. Our products are delivered to you in perfect condition, undamaged and fresh. Otherwise, we accept a refund if it is in bad shape and complies with our refund policy.", "price": "3500.00", "rating": "4.00", "image_url": "https://kboa-foods.s3.amazonaws.com/media/prawns1.jpeg", "image": "prawns1.jpeg", "users_wishlist": []}}, {"model": "products.product", "pk": 17, "fields": {"category": 7, "sku": "boafi17", "name": "Shrimps", "description": "Buy a kg of our frozen shrimps. Our products are delivered to you in perfect condition, undamaged and fresh. Otherwise, we accept a refund if it is in bad shape and complies with our refund policy.", "price": "3200.00", "rating": "4.20", "image_url": "https://kboa-foods.s3.amazonaws.com/media/shrimps11.jpeg", "image": "shrimps11.jpeg", "users_wishlist": []}}, {"model": "products.product", "pk": 18, "fields": {"category": 3, "sku": "boafi18", "name": "Crab Meat", "description": "Buy a kg of our frozen crabs. Our products are delivered to you in perfect condition, undamaged and fresh. Otherwise, we accept a refund if it is in bad shape and complies with our refund policy. ", "price": "2000.00", "rating": "4.10", "image_url": "https://kboa-foods.s3.amazonaws.com/media/crab-meat2.jpeg", "image": "crab-meat2.jpeg", "users_wishlist": []}}, {"model": "products.product", "pk": 19, "fields": {"category": 3, "sku": "boafi19", "name": "Calamari", "description": "Buy a kg of our frozen octopus. Our products are delivered to you in perfect condition, undamaged and fresh. Otherwise, we accept a refund if it is in bad shape and complies with our refund policy. ", "price": "3500.00", "rating": "4.20", "image_url": "https://kboa-foods.s3.amazonaws.com/media/calamari1.jpeg", "image": "calamari1.jpeg", "users_wishlist": []}}, {"model": "products.product", "pk": 20, "fields": {"category": 14, "sku": "boabp20", "name": "Stewing Beef", "description": "Buy a kg of our stewing beef. Our products are delivered to you in perfect condition, undamaged and fresh. Otherwise, we accept a refund if it is in bad shape and complies with our refund policy.", "price": "3200.00", "rating": "4.50", "image_url": "https://kboa-foods.s3.amazonaws.com/media/stewing_beef1.jpeg", "image": "stewing_beef1.jpeg", "users_wishlist": []}}, {"model": "products.product", "pk": 21, "fields": {"category": 16, "sku": "boabp21", "name": "Minced Meat", "description": "Buy a kg of our minced meat. Our products are delivered to you in perfect condition, undamaged and fresh. Otherwise, we accept a refund if it is in bad shape and complies with our refund policy.", "price": "4000.00", "rating": "4.80", "image_url": "https://kboa-foods.s3.amazonaws.com/media/minced_meat1.jpeg", "image": "minced_meat1.jpeg", "users_wishlist": []}}, {"model": "products.product", "pk": 22, "fields": {"category": 15, "sku": "boabp22", "name": "Shaki", "description": "Buy a kg of our shaki (tripe). Our products are delivered to you in perfect condition, undamaged and fresh. Otherwise, we accept a refund if it is in bad shape and complies with our refund policy.", "price": "3500.00", "rating": "4.20", "image_url": "https://kboa-foods.s3.amazonaws.com/media/shaki_tripe1.jpeg", "image": "shaki_tripe1.jpeg", "users_wishlist": []}}, {"model": "products.product", "pk": 23, "fields": {"category": 4, "sku": "boabp23", "name": "Cow Leg", "description": "Buy a kg of our cow leg. Our products are delivered to you in perfect condition, undamaged and fresh. Otherwise, we accept a refund if it is in bad shape and complies with our refund policy. ", "price": "2500.00", "rating": "4.00", "image_url": "https://kboa-foods.s3.amazonaws.com/media/cowleg2.jpeg", "image": "cowleg2.jpeg", "users_wishlist": []}}, {"model": "products.product", "pk": 24, "fields": {"category": 17, "sku": "boabp28", "name": "Pomo", "description": "Buy a kg of our processed cow skin (pomo). Our products are delivered to you in perfect condition, undamaged and fresh. Otherwise, we accept a refund if it is in bad shape and complies with our refund policy.", "price": "2000.00", "rating": "4.50", "image_url": "https://kboa-foods.s3.amazonaws.com/media/pomo1.jpeg", "image": "pomo1.jpeg", "users_wishlist": []}}, {"model": "products.recommendedproduct", "pk": 10, "fields": {"product": 9, "recommended_product": 2}}, {"model": "products.recommendedproduct", "pk": 11, "fields": {"product": 10, "recommended_product": 13}}, {"model": "products.recommendedproduct", "pk": 12, "fields": {"product": 12, "recommended_product": 15}}, {"model": "products.recommendedproduct", "pk": 13, "fields": {"product": 17, "recommended_product": 16}}, {"model": "products.recommendedproduct", "pk": 15, "fields": {"product": 15, "recommended_product": 12}}, {"model": "products.recommendedproduct", "pk": 16, "fields": {"product": 13, "recommended_product": 10}}, {"model": "products.recommendedproduct", "pk": 18, "fields": {"product": 16, "recommended_product": 17}}, {"model": "products.recommendedproduct", "pk": 19, "fields": {"product": 2, "recommended_product": 9}}, {"model": "checkout.order", "pk": 1, "fields": {"order_number": "13DC92765B9A451FB03A1E4A2BD84283", "user_profile": 2, "full_name": "kike", "email": "abbey@test.com", "phone_number": "1234567890", "country": "AX", "postcode": null, "town_or_city": "anyplace", "street_address1": "anywhere", "street_address2": null, "county": null, "date": "2023-03-31T23:26:41.715Z", "delivery_cost": "0.00", "order_total": "3500.00", "grand_total": "3500.00", "original_cart": "{\"2\": 1}", "stripe_pid": "pi_3MrrK5DHLVYaCnin1TFws1HG", "discount": "0.00", "coupon": null}}, {"model": "checkout.order", "pk": 2, "fields": {"order_number": "D65A27611DB84065B828FFC54A4416C1", "user_profile": 2, "full_name": "test", "email": "dami@test.com", "phone_number": "1234567890", "country": "US", "postcode": null, "town_or_city": "anyplace", "street_address1": "anywhere", "street_address2": null, "county": null, "date": "2023-03-31T23:45:20.496Z", "delivery_cost": "0.00", "order_total": "1000.00", "grand_total": "1000.00", "original_cart": "{\"7\": 1}", "stripe_pid": "pi_3MrrcfDHLVYaCnin1qds5ar5", "discount": "0.00", "coupon": null}}, {"model": "checkout.order", "pk": 3, "fields": {"order_number": "7CAFFBD6FB9E4CA28FDCE3B12F8C52FF", "user_profile": 2, "full_name": "dami", "email": "dami@test.com", "phone_number": "1234567890", "country": "US", "postcode": null, "town_or_city": "anyplace", "street_address1": "anywhere", "street_address2": null, "county": null, "date": "2023-04-01T22:35:10.139Z", "delivery_cost": "0.00", "order_total": "2700.00", "grand_total": "2700.00", "original_cart": "{\"1\": 1}", "stripe_pid": "pi_3MsD0JDHLVYaCnin1RT0lkeK", "discount": "0.00", "coupon": null}}, {"model": "checkout.order", "pk": 4, "fields": {"order_number": "5F4611D478C2494C88FBC673E1D81110", "user_profile": 2, "full_name": "dami", "email": "dami@test.com", "phone_number": "1234567890", "country": "US", "postcode": null, "town_or_city": "anyplace", "street_address1": "anywhere", "street_address2": null, "county": null, "date": "2023-04-01T22:40:21.055Z", "delivery_cost": "0.00", "order_total": "3000.00", "grand_total": "3000.00", "original_cart": "{\"3\": 1}", "stripe_pid": "pi_3MsD5XDHLVYaCnin0gtPnPb7", "discount": "0.00", "coupon": null}}, {"model": "checkout.order", "pk": 5, "fields": {"order_number": "C10F526C23954A278D541F145EDB4469", "user_profile": 9, "full_name": "Kike Bello", "email": "kiksgold@gmail.com", "phone_number": "07324230279", "country": "NG", "postcode": "19139", "town_or_city": "Philadelphia", "street_address1": "4636 Chestnut Street", "street_address2": null, "county": "PA", "date": "2023-04-05T22:23:46.732Z", "delivery_cost": "0.00", "order_total": "3200.00", "grand_total": "3200.00", "original_cart": "{\"20\": 1}", "stripe_pid": "pi_3Mtei5DHLVYaCnin0LF3Udww", "discount": "0.00", "coupon": null}}, {"model": "checkout.order", "pk": 6, "fields": {"order_number": "9AE7D8A74ED14994A79664290AAF0D32", "user_profile": null, "full_name": "Bello Kikelomo", "email": "kikzy@gmail.com", "phone_number": "123456789", "country": "NG", "postcode": "100234", "town_or_city": "Lagos", "street_address1": "5 Bola Arowolo Street Atunrase Estate Gbagada Lagos", "street_address2": null, "county": "Lagos", "date": "2023-04-06T08:30:35.701Z", "delivery_cost": "0.00", "order_total": "2000.00", "grand_total": "2000.00", "original_cart": "{\"18\": 1}", "stripe_pid": "pi_3MtoCIDHLVYaCnin19Q8C5KG", "discount": "0.00", "coupon": null}}, {"model": "checkout.order", "pk": 7, "fields": {"order_number": "7AD6DF7A1332414188FA01BF0D29318F", "user_profile": null, "full_name": "Test User", "email": "paxove8134@hrisland.com", "phone_number": "1234567890", "country": "IE", "postcode": null, "town_or_city": "Test", "street_address1": "Test", "street_address2": null, "county": null, "date": "2023-04-21T13:15:48.310Z", "delivery_cost": "0.00", "order_total": "3500.00", "grand_total": "3500.00", "original_cart": "{\"19\": 1}", "stripe_pid": "pi_3MzJnyDHLVYaCnin1hLf2MpC", "discount": "0.00", "coupon": null}}, {"model": "checkout.order", "pk": 8, "fields": {"order_number": "BA450F1430D94F8CBD5581398214A3E3", "user_profile": 12, "full_name": "Daisy McGirr", "email": "mcgirr.daisy@gmail.com", "phone_number": "0556215531582", "country": "GB", "postcode": "BH7U YYY", "town_or_city": "Ballycastle", "street_address1": "45 Fake St Road", "street_address2": null, "county": "Antrim", "date": "2023-05-09T21:12:57.672Z", "delivery_cost": "0.00", "order_total": "3500.00", "grand_total": "3500.00", "original_cart": "{\"19\": 1}", "stripe_pid": "pi_3N5xp6DHLVYaCnin15dIr8Gf", "discount": "0.00", "coupon": null}}, {"model": "checkout.order", "pk": 9, "fields": {"order_number": "1846E70CC42C4C4CA6509AC727451814", "user_profile": null, "full_name": "kiks", "email": "beeee@yahoo.com", "phone_number": "07324 230279", "country": "US", "postcode": "19139", "town_or_city": "Philadelphia", "street_address1": "4636 Chestnut Street", "street_address2": null, "county": "PA", "date": "2023-05-11T10:13:52.722Z", "delivery_cost": "0.00", "order_total": "14800.00", "grand_total": "14800.00", "original_cart": "{\"5\": 1, \"6\": 2, \"3\": 2}", "stripe_pid": "pi_3N6WU5DHLVYaCnin1ThWbwMz", "discount": "0.00", "coupon": null}}, {"model": "checkout.order", "pk": 10, "fields": {"order_number": "1D04DA0AA18C450DA95247103D2C7DA1", "user_profile": null, "full_name": "Anike", "email": "kiksbello@gmail.com", "phone_number": "07324 230279", "country": "US", "postcode": "19139", "town_or_city": "Philadelphia", "street_address1": "4636 Chestnut Street", "street_address2": null, "county": "PA", "date": "2023-05-11T10:53:30.976Z", "delivery_cost": "0.00", "order_total": "3500.00", "grand_total": "3500.00", "original_cart": "{\"19\": 1}", "stripe_pid": "pi_3N6X6oDHLVYaCnin1IE9rhcJ", "discount": "0.00", "coupon": null}}, {"model": "checkout.order", "pk": 11, "fields": {"order_number": "38199150BF794A7287C5AF0EC13E9248", "user_profile": null, "full_name": "Anike baby", "email": "kiksbello@gmail.com", "phone_number": "07324 230279", "country": "US", "postcode": "19139", "town_or_city": "Philadelphia", "street_address1": "4636 Chestnut Street", "street_address2": null, "county": "PA", "date": "2023-05-11T11:02:59.528Z", "delivery_cost": "0.00", "order_total": "8400.00", "grand_total": "8400.00", "original_cart": "{\"12\": 3}", "stripe_pid": "pi_3N6XGJDHLVYaCnin1x8TqWFd", "discount": "0.00", "coupon": null}}, {"model": "checkout.order", "pk": 12, "fields": {"order_number": "6ECA9AA16EBE42B098F7EA749F170622", "user_profile": null, "full_name": "Tonia", "email": "kiksbello@gmail.com", "phone_number": "07324 230279", "country": "US", "postcode": "19139", "town_or_city": "Philadelphia", "street_address1": "4636 Chestnut Street", "street_address2": null, "county": "PA", "date": "2023-05-12T08:38:38.611Z", "delivery_cost": "0.00", "order_total": "4000.00", "grand_total": "4000.00", "original_cart": "{\"21\": 1}", "stripe_pid": "pi_3N6rU4DHLVYaCnin1U7O8gJo", "discount": "0.00", "coupon": null}}, {"model": "checkout.order", "pk": 13, "fields": {"order_number": "C17641890CE24B849D148275BACA904C", "user_profile": null, "full_name": "Omotan", "email": "kiksbello@gmail.com", "phone_number": "07324 230279", "country": "US", "postcode": "19139", "town_or_city": "Philadelphia", "street_address1": "4636 Chestnut Street", "street_address2": null, "county": "PA", "date": "2023-05-12T11:09:51.479Z", "delivery_cost": "0.00", "order_total": "0.00", "grand_total": "0.00", "original_cart": "{\"14\": 5}", "stripe_pid": "pi_3N6tqWDHLVYaCnin0lhwjXxC", "discount": "0.00", "coupon": null}}, {"model": "checkout.order", "pk": 14, "fields": {"order_number": "FFE3C6FB30294AA185C362C8B66499C2", "user_profile": null, "full_name": "Bello Kikelomo", "email": "kiksbello@gmail.com", "phone_number": "07034988765", "country": "NG", "postcode": "100234", "town_or_city": "Lagos", "street_address1": "5 Bola Arowolo Street Atunrase Estate Gbagada Lagos", "street_address2": null, "county": "Lagos", "date": "2023-05-15T12:47:22.570Z", "delivery_cost": "0.00", "order_total": "0.00", "grand_total": "0.00", "original_cart": "{\"18\": 9}", "stripe_pid": "pi_3N80mDDHLVYaCnin1ZsLZCvg", "discount": "0.00", "coupon": null}}, {"model": "checkout.order", "pk": 15, "fields": {"order_number": "0E2D46F7F5194A3AB5CE335077338593", "user_profile": null, "full_name": "Bello Kikelomo", "email": "kiksbello@gmail.com", "phone_number": "09084563452", "country": "NG", "postcode": "100234", "town_or_city": "Lagos", "street_address1": "5 Bola Arowolo Street Atunrase Estate Gbagada Lagos", "street_address2": null, "county": "Lagos", "date": "2023-05-15T12:56:56.201Z", "delivery_cost": "0.00", "order_total": "0.00", "grand_total": "0.00", "original_cart": "{\"14\": 5, \"17\": 4, \"16\": 10}", "stripe_pid": "pi_3N80wmDHLVYaCnin1oxeCmKv", "discount": "0.00", "coupon": null}}, {"model": "checkout.order", "pk": 16, "fields": {"order_number": "963EAD569D3F4010B8CD4F10399AB002", "user_profile": null, "full_name": "Bello Kikelomo", "email": "kiksbello@gmail.com", "phone_number": "09056743421", "country": "NG", "postcode": "100234", "town_or_city": "Lagos", "street_address1": "5 Bola Arowolo Street Atunrase Estate Gbagada Lagos", "street_address2": null, "county": "Lagos", "date": "2023-05-15T13:17:38.657Z", "delivery_cost": "0.00", "order_total": "0.00", "grand_total": "0.00", "original_cart": "{\"14\": 5, \"17\": 4, \"16\": 10, \"5\": 1}", "stripe_pid": "pi_3N81GuDHLVYaCnin1dy3q1yI", "discount": "0.00", "coupon": null}}, {"model": "checkout.order", "pk": 17, "fields": {"order_number": "F8328EBEB69E430485978A1137A77A0D", "user_profile": null, "full_name": "Bello Kikelomo", "email": "kiksbello@gmail.com", "phone_number": "09087786545", "country": "NG", "postcode": "100234", "town_or_city": "Lagos", "street_address1": "5 Bola Arowolo Street Atunrase Estate Gbagada Lagos", "street_address2": null, "county": "Lagos", "date": "2023-05-15T13:41:14.285Z", "delivery_cost": "0.00", "order_total": "0.00", "grand_total": "0.00", "original_cart": "{\"18\": 9, \"3\": 1}", "stripe_pid": "pi_3N81djDHLVYaCnin1UitIVfs", "discount": "0.00", "coupon": null}}, {"model": "checkout.order", "pk": 18, "fields": {"order_number": "024F6061B36C47ED8622196A40607509", "user_profile": null, "full_name": "Bello Kikelomo", "email": "kiksbello@gmail.com", "phone_number": "07087989853", "country": "NG", "postcode": "100234", "town_or_city": "Lagos", "street_address1": "5 Bola Arowolo Street Atunrase Estate Gbagada Lagos", "street_address2": null, "county": "Lagos", "date": "2023-05-15T13:42:38.591Z", "delivery_cost": "0.00", "order_total": "2500.00", "grand_total": "2500.00", "original_cart": "{\"8\": 1}", "stripe_pid": "pi_3N81f8DHLVYaCnin1IzeCFUj", "discount": "0.00", "coupon": null}}, {"model": "checkout.order", "pk": 19, "fields": {"order_number": "33C3449869884604B127CB2EA249C943", "user_profile": null, "full_name": "Bello Kikelomo", "email": "kiksbello@gmail.com", "phone_number": "08098765645", "country": "NG", "postcode": "100234", "town_or_city": "Lagos", "street_address1": "5 Bola Arowolo Street Atunrase Estate Gbagada Lagos", "street_address2": null, "county": "Lagos", "date": "2023-05-15T14:40:55.115Z", "delivery_cost": "0.00", "order_total": "2500.00", "grand_total": "2500.00", "original_cart": "{\"10\": 1}", "stripe_pid": "pi_3N82ZVDHLVYaCnin15uUl1iK", "discount": "0.00", "coupon": null}}, {"model": "checkout.order", "pk": 20, "fields": {"order_number": "F69729F9A75841BABBCCE31F0B4F73C8", "user_profile": null, "full_name": "Bello Kikelomo", "email": "kiksbello@gmail.com", "phone_number": "07098786754", "country": "NG", "postcode": "100234", "town_or_city": "Lagos", "street_address1": "5 Bola Arowolo Street Atunrase Estate Gbagada Lagos", "street_address2": null, "county": "Lagos", "date": "2023-05-15T15:02:08.818Z", "delivery_cost": "0.00", "order_total": "3500.00", "grand_total": "3500.00", "original_cart": "{\"22\": 1}", "stripe_pid": "pi_3N82u5DHLVYaCnin15eDuHNz", "discount": "0.00", "coupon": null}}, {"model": "checkout.order", "pk": 21, "fields": {"order_number": "4FF6DA9D0EB941349656ED1352FF37D1", "user_profile": null, "full_name": "Bello Kikelomo", "email": "yemibee@gmail.com", "phone_number": "09087675463", "country": "NG", "postcode": "100234", "town_or_city": "Lagos", "street_address1": "5 Bola Arowolo Street Atunrase Estate Gbagada Lagos", "street_address2": null, "county": "Lagos", "date": "2023-05-15T15:05:37.134Z", "delivery_cost": "0.00", "order_total": "3000.00", "grand_total": "3000.00", "original_cart": "{\"3\": 1}", "stripe_pid": "pi_3N82xNDHLVYaCnin1lDZVGcL", "discount": "0.00", "coupon": null}}, {"model": "checkout.order", "pk": 22, "fields": {"order_number": "67779F99A2684B41A9CC0CEECA4461E6", "user_profile": null, "full_name": "Bello Kikelomo", "email": "kiksbello@gmail.com", "phone_number": "09087653452", "country": "NG", "postcode": "100234", "town_or_city": "Lagos", "street_address1": "5 Bola Arowolo Street Atunrase Estate Gbagada Lagos", "street_address2": null, "county": "Lagos", "date": "2023-05-15T15:22:01.570Z", "delivery_cost": "0.00", "order_total": "3200.00", "grand_total": "3200.00", "original_cart": "{\"20\": 1}", "stripe_pid": "pi_3N83DDDHLVYaCnin0dEe7IMb", "discount": "0.00", "coupon": null}}, {"model": "checkout.order", "pk": 23, "fields": {"order_number": "174AF778F0F54B10A7D9D5B879972863", "user_profile": null, "full_name": "Bello Kikelomo", "email": "kiksbello@gmail.com", "phone_number": "09087653452", "country": "NG", "postcode": "100234", "town_or_city": "Lagos", "street_address1": "5 Bola Arowolo Street Atunrase Estate Gbagada Lagos", "street_address2": null, "county": "Lagos", "date": "2023-05-15T15:22:07.140Z", "delivery_cost": "0.00", "order_total": "3200.00", "grand_total": "3200.00", "original_cart": "{\"20\": 1}", "stripe_pid": "pi_3N83DDDHLVYaCnin0dEe7IMb", "discount": "0.00", "coupon": null}}, {"model": "checkout.order", "pk": 24, "fields": {"order_number": "635BF8C1DAA44390925BE7FD14FADCBA", "user_profile": null, "full_name": "Bello Kikelomo", "email": "kiksbello@gmail.com", "phone_number": "08098765645", "country": "NG", "postcode": "100234", "town_or_city": "Lagos", "street_address1": "5 Bola Arowolo Street Atunrase Estate Gbagada Lagos", "street_address2": null, "county": "Lagos", "date": "2023-05-15T15:42:07.734Z", "delivery_cost": "0.00", "order_total": "2500.00", "grand_total": "2500.00", "original_cart": "{\"10\": 1}", "stripe_pid": "pi_3N82ZVDHLVYaCnin15uUl1iK", "discount": "0.00", "coupon": null}}, {"model": "checkout.order", "pk": 25, "fields": {"order_number": "F3ACCA908682410E9655EDC3F0A0FE2D", "user_profile": null, "full_name": "Bello Kikelomo", "email": "kiksbello@gmail.com", "phone_number": "09087986556", "country": "NG", "postcode": "100234", "town_or_city": "Lagos", "street_address1": "5 Bola Arowolo Street Atunrase Estate Gbagada Lagos", "street_address2": null, "county": "Lagos", "date": "2023-05-15T15:43:07.425Z", "delivery_cost": "0.00", "order_total": "3500.00", "grand_total": "3500.00", "original_cart": "{\"2\": 1}", "stripe_pid": "pi_3N83XgDHLVYaCnin0zz7XHTJ", "discount": "0.00", "coupon": null}}, {"model": "checkout.order", "pk": 26, "fields": {"order_number": "9A64963198AD4D0A9F719A1A8A7499DB", "user_profile": null, "full_name": "Bello Kikelomo", "email": "kiksbello@gmail.com", "phone_number": "09087986556", "country": "NG", "postcode": "100234", "town_or_city": "Lagos", "street_address1": "5 Bola Arowolo Street Atunrase Estate Gbagada Lagos", "street_address2": null, "county": "Lagos", "date": "2023-05-15T15:43:12.939Z", "delivery_cost": "0.00", "order_total": "3500.00", "grand_total": "3500.00", "original_cart": "{\"2\": 1}", "stripe_pid": "pi_3N83XgDHLVYaCnin0zz7XHTJ", "discount": "0.00", "coupon": null}}, {"model": "checkout.order", "pk": 27, "fields": {"order_number": "99AB478B2455408D9DCE38D42D582185", "user_profile": null, "full_name": "Bello Kikelomo", "email": "yemibee@gmail.com", "phone_number": "09087786556", "country": "NG", "postcode": "100234", "town_or_city": "Lagos", "street_address1": "5 Bola Arowolo Street Atunrase Estate Gbagada Lagos", "street_address2": null, "county": "Lagos", "date": "2023-05-15T15:44:39.280Z", "delivery_cost": "0.00", "order_total": "3500.00", "grand_total": "3500.00", "original_cart": "{\"19\": 1}", "stripe_pid": "pi_3N83ZCDHLVYaCnin0OwltyX4", "discount": "0.00", "coupon": null}}, {"model": "checkout.order", "pk": 28, "fields": {"order_number": "CAAAC54464404C85B7E8791C0EC40A52", "user_profile": null, "full_name": "Bello Kikelomo", "email": "yemibee@gmail.com", "phone_number": "09087786556", "country": "NG", "postcode": "100234", "town_or_city": "Lagos", "street_address1": "5 Bola Arowolo Street Atunrase Estate Gbagada Lagos", "street_address2": null, "county": "Lagos", "date": "2023-05-15T15:44:44.829Z", "delivery_cost": "0.00", "order_total": "3500.00", "grand_total": "3500.00", "original_cart": "{\"19\": 1}", "stripe_pid": "pi_3N83ZCDHLVYaCnin0OwltyX4", "discount": "0.00", "coupon": null}}, {"model": "checkout.order", "pk": 31, "fields": {"order_number": "84B51FA2E9884C4B8353AC4F18431794", "user_profile": null, "full_name": "Bello Kikelomo", "email": "kiksbello@gmail.com", "phone_number": "07098786754", "country": "NG", "postcode": "100234", "town_or_city": "Lagos", "street_address1": "5 Bola Arowolo Street Atunrase Estate Gbagada Lagos", "street_address2": null, "county": "Lagos", "date": "2023-05-15T16:01:30.285Z", "delivery_cost": "0.00", "order_total": "3500.00", "grand_total": "3500.00", "original_cart": "{\"22\": 1}", "stripe_pid": "pi_3N82u5DHLVYaCnin15eDuHNz", "discount": "0.00", "coupon": null}}, {"model": "checkout.order", "pk": 32, "fields": {"order_number": "9D3AC6CE197841B89273379AAD8A669F", "user_profile": null, "full_name": "Bello Kikelomo", "email": "yemibee@gmail.com", "phone_number": "09087675463", "country": "NG", "postcode": "100234", "town_or_city": "Lagos", "street_address1": "5 Bola Arowolo Street Atunrase Estate Gbagada Lagos", "street_address2": null, "county": "Lagos", "date": "2023-05-15T16:04:54.592Z", "delivery_cost": "0.00", "order_total": "3000.00", "grand_total": "3000.00", "original_cart": "{\"3\": 1}", "stripe_pid": "pi_3N82xNDHLVYaCnin1lDZVGcL", "discount": "0.00", "coupon": null}}, {"model": "checkout.order", "pk": 34, "fields": {"order_number": "9CE340F3D61048B19E9BFFF8A65451AB", "user_profile": null, "full_name": "Bello Kikelomo", "email": "kiksbello@gmail.com", "phone_number": "09087653452", "country": "NG", "postcode": "100234", "town_or_city": "Lagos", "street_address1": "5 Bola Arowolo Street Atunrase Estate Gbagada Lagos", "street_address2": null, "county": "Lagos", "date": "2023-05-15T16:23:22.489Z", "delivery_cost": "0.00", "order_total": "3200.00", "grand_total": "3200.00", "original_cart": "{\"20\": 1}", "stripe_pid": "pi_3N83DDDHLVYaCnin0dEe7IMb", "discount": "0.00", "coupon": null}}, {"model": "checkout.order", "pk": 36, "fields": {"order_number": "62D794B668464BDA8C6BC270D0E297E6", "user_profile": null, "full_name": "Bello Kikelomo", "email": "kiksbello@gmail.com", "phone_number": "07087989853", "country": "NG", "postcode": "100234", "town_or_city": "Lagos", "street_address1": "5 Bola Arowolo Street Atunrase Estate Gbagada Lagos", "street_address2": null, "county": "Lagos", "date": "2023-05-15T16:41:33.577Z", "delivery_cost": "0.00", "order_total": "2500.00", "grand_total": "2500.00", "original_cart": "{\"8\": 1}", "stripe_pid": "pi_3N81f8DHLVYaCnin1IzeCFUj", "discount": "0.00", "coupon": null}}, {"model": "checkout.order", "pk": 37, "fields": {"order_number": "C963C77B187740CC8C7554FCDF245B05", "user_profile": null, "full_name": "Evelyn", "email": "evelynbadaiki@gmail.com", "phone_number": "08060196003", "country": "NG", "postcode": null, "town_or_city": "Ikeja", "street_address1": "15 syvia crescent Anthony village", "street_address2": null, "county": null, "date": "2023-05-15T17:43:18.225Z", "delivery_cost": "0.00", "order_total": "0.00", "grand_total": "0.00", "original_cart": "{\"5\": 20, \"10\": 1, \"16\": 1}", "stripe_pid": "pi_3N85MWDHLVYaCnin1ZKvrlQ6", "discount": "0.00", "coupon": null}}, {"model": "checkout.order", "pk": 41, "fields": {"order_number": "31911732632A4D81A0038CD4B8A2647B", "user_profile": 13, "full_name": "Fine girl", "email": "damtim2002@yahoo.co.uk", "phone_number": "080233333333", "country": "NG", "postcode": "23401", "town_or_city": "Ikoyi", "street_address1": "Banana", "street_address2": "Island", "county": "Lagos", "date": "2023-05-15T18:45:21.277Z", "delivery_cost": "0.00", "order_total": "3200.00", "grand_total": "3200.00", "original_cart": "{\"5\": 1}", "stripe_pid": "pi_3N86NIDHLVYaCnin0GMqNvdg", "discount": "0.00", "coupon": null}}, {"model": "checkout.order", "pk": 42, "fields": {"order_number": "E893EC6CAA5743B2B90A6CF1C644F524", "user_profile": 13, "full_name": "Fine girl", "email": "damtim2002@yahoo.co.uk", "phone_number": "080233333333", "country": "NG", "postcode": "23401", "town_or_city": "Ikoyi", "street_address1": "Banana", "street_address2": "Island", "county": "Lagos", "date": "2023-05-15T18:45:26.955Z", "delivery_cost": "0.00", "order_total": "3200.00", "grand_total": "3200.00", "original_cart": "{\"5\": 1}", "stripe_pid": "pi_3N86NIDHLVYaCnin0GMqNvdg", "discount": "0.00", "coupon": null}}, {"model": "checkout.order", "pk": 43, "fields": {"order_number": "F62E85B781494337B7A35B8DD3E17F84", "user_profile": null, "full_name": "Evelyn", "email": "evelynbadaiki@gmail.com", "phone_number": "08060196003", "country": "NG", "postcode": null, "town_or_city": "Anthony", "street_address1": "15 syvia crescent Anthony", "street_address2": null, "county": null, "date": "2023-05-15T18:49:53.483Z", "delivery_cost": "0.00", "order_total": "3500.00", "grand_total": "3500.00", "original_cart": "{\"16\": 1}", "stripe_pid": "pi_3N85XqDHLVYaCnin1yLBxsB8", "discount": "0.00", "coupon": null}}, {"model": "checkout.order", "pk": 44, "fields": {"order_number": "B8BF965E631846DCBF5931EED9062CF5", "user_profile": null, "full_name": "Evelyn", "email": "evelynbadaiki@gmail.com", "phone_number": "08060196003", "country": "NG", "postcode": null, "town_or_city": "Anthony", "street_address1": "15 syvia crescent Anthony", "street_address2": null, "county": null, "date": "2023-05-15T18:49:58.991Z", "delivery_cost": "0.00", "order_total": "3500.00", "grand_total": "3500.00", "original_cart": "{\"16\": 1}", "stripe_pid": "pi_3N85XqDHLVYaCnin1yLBxsB8", "discount": "0.00", "coupon": null}}, {"model": "checkout.order", "pk": 45, "fields": {"order_number": "5FA1C898A23543B596CA194014A6675A", "user_profile": null, "full_name": "Kike Bello", "email": "kboafoods@gmail.com", "phone_number": "07324 230279", "country": "US", "postcode": "19139", "town_or_city": "Philadelphia", "street_address1": "4636 Chestnut Street", "street_address2": null, "county": "PA", "date": "2023-05-17T09:13:16.177Z", "delivery_cost": "0.00", "order_total": "0.00", "grand_total": "0.00", "original_cart": "{\"18\": 9, \"3\": 1, \"21\": 10}", "stripe_pid": "pi_3N8gPLDHLVYaCnin1DHYcv5G", "discount": "0.00", "coupon": null}}, {"model": "checkout.order", "pk": 50, "fields": {"order_number": "83DC038E4DB14937B3E4B194212D96BA", "user_profile": null, "full_name": "Kike Bello", "email": "toni@test.com", "phone_number": "07324 230279", "country": "US", "postcode": "19139", "town_or_city": "Philadelphia", "street_address1": "4636 Chestnut Street", "street_address2": null, "county": "PA", "date": "2023-05-17T12:59:47.865Z", "delivery_cost": "0.00", "order_total": "0.00", "grand_total": "0.00", "original_cart": "{\"18\": 9, \"3\": 1, \"21\": 10}", "stripe_pid": "pi_3N8jItDHLVYaCnin0FZUHjEe", "discount": "6100.00", "coupon": 2}}, {"model": "checkout.order", "pk": 51, "fields": {"order_number": "EC1D4671ECBF4551A2BD03805330069D", "user_profile": null, "full_name": "Kike Bello", "email": "toni@test.com", "phone_number": "07324 230279", "country": "US", "postcode": "19139", "town_or_city": "Philadelphia", "street_address1": "4636 Chestnut Street", "street_address2": null, "county": "PA", "date": "2023-05-17T13:03:20.812Z", "delivery_cost": "0.00", "order_total": "5000.00", "grand_total": "5000.00", "original_cart": "{\"18\": 1, \"3\": 1, \"21\": 10}", "stripe_pid": "pi_3N8k0ODHLVYaCnin1yRnmqri", "discount": "4500.00", "coupon": 2}}, {"model": "checkout.order", "pk": 53, "fields": {"order_number": "4744F700A69441F5AEDF6058369F3115", "user_profile": 1, "full_name": "kikelomo", "email": "toni@test.com", "phone_number": "07324 230279", "country": "US", "postcode": "19139", "town_or_city": "Philadelphia", "street_address1": "4636 Chestnut Street", "street_address2": null, "county": "PA", "date": "2023-05-17T13:09:58.783Z", "delivery_cost": "0.00", "order_total": "7500.00", "grand_total": "7500.00", "original_cart": "{\"18\": 1, \"3\": 1, \"10\": 1}", "stripe_pid": "pi_3N8k6kDHLVYaCnin0ijj7JAq", "discount": "750.00", "coupon": 2}}, {"model": "checkout.order", "pk": 55, "fields": {"order_number": "DE34A673A67245D3A9C0744A0F39FD18", "user_profile": 1, "full_name": "Kike Bello", "email": "toni@test.com", "phone_number": "07324 230279", "country": "US", "postcode": "19139", "town_or_city": "Philadelphia", "street_address1": "4636 Chestnut Street", "street_address2": null, "county": "PA", "date": "2023-05-17T13:34:05.913Z", "delivery_cost": "0.00", "order_total": "3500.00", "grand_total": "3500.00", "original_cart": "{\"16\": 1}", "stripe_pid": "pi_3N8kTYDHLVYaCnin1JgGFrIE", "discount": "350.00", "coupon": 2}}, {"model": "checkout.order", "pk": 56, "fields": {"order_number": "9F4F71B21EE24A42938C62B85645ECCE", "user_profile": 1, "full_name": "Kike Bello", "email": "toni@test.com", "phone_number": "07324 230279", "country": "US", "postcode": "19139", "town_or_city": "Philadelphia", "street_address1": "4636 Chestnut Street", "street_address2": null, "county": "PA", "date": "2023-05-17T13:41:26.891Z", "delivery_cost": "0.00", "order_total": "134000.00", "grand_total": "134000.00", "original_cart": "{\"2\": 20, \"9\": 20}", "stripe_pid": "pi_3N8kbEDHLVYaCnin1TM6Q2iw", "discount": "13400.00", "coupon": 2}}, {"model": "checkout.order", "pk": 59, "fields": {"order_number": "A0156FA66AE042BCAC13A5B7976798FB", "user_profile": 1, "full_name": "Kike Bello", "email": "toni@test.com", "phone_number": "07324 230279", "country": "US", "postcode": "19139", "town_or_city": "Philadelphia", "street_address1": "4636 Chestnut Street", "street_address2": null, "county": "PA", "date": "2023-05-17T14:35:36.915Z", "delivery_cost": "0.00", "order_total": "4500.00", "grand_total": "4500.00", "original_cart": "{\"18\": 1, \"10\": 1}", "stripe_pid": "pi_3N8lRgDHLVYaCnin1SioDgbl", "discount": "450.00", "coupon": 2}}, {"model": "checkout.order", "pk": 60, "fields": {"order_number": "F6B6BD89F85E49F4B58F55D48526772C", "user_profile": 1, "full_name": "Kike Bello", "email": "toni@test.com", "phone_number": "07324 230279", "country": "US", "postcode": "19139", "town_or_city": "Philadelphia", "street_address1": "4636 Chestnut Street", "street_address2": null, "county": "PA", "date": "2023-05-17T14:40:41.973Z", "delivery_cost": "0.00", "order_total": "4500.00", "grand_total": "4500.00", "original_cart": "{\"18\": 1, \"10\": 1}", "stripe_pid": "pi_3N8lWdDHLVYaCnin0IEzwvZ4", "discount": "450.00", "coupon": 2}}, {"model": "checkout.order", "pk": 61, "fields": {"order_number": "FEDA8C90582147979C3C6380989B0F0A", "user_profile": 1, "full_name": "Kike Bello", "email": "toni@test.com", "phone_number": "07324 230279", "country": "US", "postcode": "19139", "town_or_city": "Philadelphia", "street_address1": "4636 Chestnut Street", "street_address2": null, "county": "PA", "date": "2023-05-17T14:43:43.000Z", "delivery_cost": "0.00", "order_total": "1800.00", "grand_total": "1800.00", "original_cart": "{\"13\": 1}", "stripe_pid": "pi_3N8lZYDHLVYaCnin1gMVmHwh", "discount": "180.00", "coupon": 2}}, {"model": "checkout.order", "pk": 62, "fields": {"order_number": "D18C64052B264A5CBBE1D5FF149EDE67", "user_profile": 1, "full_name": "Kike Bello", "email": "toni@test.com", "phone_number": "07324 230279", "country": "US", "postcode": "19139", "town_or_city": "Philadelphia", "street_address1": "4636 Chestnut Street", "street_address2": null, "county": "PA", "date": "2023-05-17T14:44:52.757Z", "delivery_cost": "0.00", "order_total": "3500.00", "grand_total": "3500.00", "original_cart": "{\"16\": 1}", "stripe_pid": "pi_3N8laZDHLVYaCnin0GmO7mfx", "discount": "350.00", "coupon": 2}}, {"model": "checkout.order", "pk": 63, "fields": {"order_number": "123D00E34A1541C3B85140F67E5732F6", "user_profile": null, "full_name": "Kike Bello", "email": "test@test.com", "phone_number": "07324 230279", "country": "US", "postcode": "19139", "town_or_city": "Philadelphia", "street_address1": "4636 Chestnut Street", "street_address2": null, "county": "PA", "date": "2023-05-17T15:28:58.041Z", "delivery_cost": "0.00", "order_total": "2500.00", "grand_total": "2500.00", "original_cart": "{\"10\": 1}", "stripe_pid": "pi_3N8mGtDHLVYaCnin13WCXfmn", "discount": "250.00", "coupon": 2}}, {"model": "checkout.order", "pk": 64, "fields": {"order_number": "1626854E9EA24D9EADB22E3DE3CFC674", "user_profile": null, "full_name": "Kike Bello", "email": "tste@test.com", "phone_number": "07324 230279", "country": "US", "postcode": "19139", "town_or_city": "Philadelphia", "street_address1": "4636 Chestnut Street", "street_address2": null, "county": "PA", "date": "2023-05-17T15:31:15.125Z", "delivery_cost": "0.00", "order_total": "3000.00", "grand_total": "3000.00", "original_cart": "{\"3\": 1}", "stripe_pid": "pi_3N8mJ6DHLVYaCnin0bLrt6zV", "discount": "300.00", "coupon": 2}}, {"model": "checkout.order", "pk": 67, "fields": {"order_number": "3AC3210CBBA542BB808EC4E79508F769", "user_profile": null, "full_name": "Kike Bello", "email": "kiksgold@gmail.com", "phone_number": "07324 230279", "country": "NG", "postcode": "19139", "town_or_city": "Philadelphia", "street_address1": "4636 Chestnut Street", "street_address2": null, "county": "PA", "date": "2023-05-17T20:09:35.537Z", "delivery_cost": "0.00", "order_total": "3200.00", "grand_total": "3200.00", "original_cart": "{\"5\": 1}", "stripe_pid": "pi_3N8qefDHLVYaCnin1rMNdugj", "discount": "320.00", "coupon": 2}}, {"model": "checkout.order", "pk": 68, "fields": {"order_number": "6834C7B30A194A70B29574FE474612B6", "user_profile": 20, "full_name": "curtain", "email": "curtain@test.com", "phone_number": "07324 230279", "country": "US", "postcode": "19139", "town_or_city": "Philadelphia", "street_address1": "4636 Chestnut Street", "street_address2": null, "county": "PA", "date": "2023-05-22T13:58:55.195Z", "delivery_cost": "0.00", "order_total": "3200.00", "grand_total": "3200.00", "original_cart": "{\"5\": 1}", "stripe_pid": "pi_3NAZFPDHLVYaCnin0VVZzqNM", "discount": "320.00", "coupon": 2}}, {"model": "checkout.order", "pk": 69, "fields": {"order_number": "DF0B27B9B1274D59B983B105D12C1FB2", "user_profile": 21, "full_name": "Kike Bello", "email": "kiksbello@gmail.com", "phone_number": "07324 230279", "country": "US", "postcode": "19139", "town_or_city": "Philadelphia", "street_address1": "4636 Chestnut Street", "street_address2": null, "county": "PA", "date": "2023-05-22T21:23:00.296Z", "delivery_cost": "0.00", "order_total": "13900.00", "grand_total": "13900.00", "original_cart": "{\"16\": 1, \"17\": 2, \"15\": 2}", "stripe_pid": "pi_3NAgBHDHLVYaCnin0bFpcGP1", "discount": "4170.00", "coupon": 3}}, {"model": "checkout.order", "pk": 70, "fields": {"order_number": "27D0D98919394315BB0B300D895620BC", "user_profile": 21, "full_name": "Kike Bello", "email": "kiksbello@gmail.com", "phone_number": "07324 230279", "country": "US", "postcode": "19139", "town_or_city": "Philadelphia", "street_address1": "4636 Chestnut Street", "street_address2": null, "county": "PA", "date": "2023-05-22T21:23:04.857Z", "delivery_cost": "0.00", "order_total": "13900.00", "grand_total": "13900.00", "original_cart": "{\"16\": 1, \"17\": 2, \"15\": 2}", "stripe_pid": "pi_3NAgBHDHLVYaCnin0bFpcGP1", "discount": "0.00", "coupon": null}}, {"model": "checkout.order", "pk": 71, "fields": {"order_number": "46A70017BC18471E811629825FAC7557", "user_profile": 1, "full_name": "omotan", "email": "toni@test.com", "phone_number": "07324 230279", "country": "US", "postcode": "19139", "town_or_city": "Philadelphia", "street_address1": "4636 Chestnut Street", "street_address2": null, "county": "PA", "date": "2023-05-22T21:33:49.237Z", "delivery_cost": "0.00", "order_total": "3000.00", "grand_total": "3000.00", "original_cart": "{\"3\": 1}", "stripe_pid": "pi_3NAgLyDHLVYaCnin1apa5995", "discount": "900.00", "coupon": 3}}, {"model": "checkout.order", "pk": 72, "fields": {"order_number": "90F818DE10FA45B38CF58973B2FB054F", "user_profile": 1, "full_name": "omotan", "email": "toni@test.com", "phone_number": "07324 230279", "country": "US", "postcode": "19139", "town_or_city": "Philadelphia", "street_address1": "4636 Chestnut Street", "street_address2": null, "county": "PA", "date": "2023-05-22T21:33:54.238Z", "delivery_cost": "0.00", "order_total": "3000.00", "grand_total": "3000.00", "original_cart": "{\"3\": 1}", "stripe_pid": "pi_3NAgLyDHLVYaCnin1apa5995", "discount": "0.00", "coupon": null}}, {"model": "checkout.orderlineitem", "pk": 1, "fields": {"order": 1, "product": 2, "quantity": 1, "lineitem_total": "3500.00"}}, {"model": "checkout.orderlineitem", "pk": 2, "fields": {"order": 2, "product": 7, "quantity": 1, "lineitem_total": "1000.00"}}, {"model": "checkout.orderlineitem", "pk": 3, "fields": {"order": 3, "product": 1, "quantity": 1, "lineitem_total": "2700.00"}}, {"model": "checkout.orderlineitem", "pk": 4, "fields": {"order": 4, "product": 3, "quantity": 1, "lineitem_total": "3000.00"}}, {"model": "checkout.orderlineitem", "pk": 5, "fields": {"order": 5, "product": 20, "quantity": 1, "lineitem_total": "3200.00"}}, {"model": "checkout.orderlineitem", "pk": 6, "fields": {"order": 6, "product": 18, "quantity": 1, "lineitem_total": "2000.00"}}, {"model": "checkout.orderlineitem", "pk": 7, "fields": {"order": 7, "product": 19, "quantity": 1, "lineitem_total": "3500.00"}}, {"model": "checkout.orderlineitem", "pk": 8, "fields": {"order": 8, "product": 19, "quantity": 1, "lineitem_total": "3500.00"}}, {"model": "checkout.orderlineitem", "pk": 9, "fields": {"order": 9, "product": 5, "quantity": 1, "lineitem_total": "3200.00"}}, {"model": "checkout.orderlineitem", "pk": 10, "fields": {"order": 9, "product": 6, "quantity": 2, "lineitem_total": "5600.00"}}, {"model": "checkout.orderlineitem", "pk": 11, "fields": {"order": 9, "product": 3, "quantity": 2, "lineitem_total": "6000.00"}}, {"model": "checkout.orderlineitem", "pk": 12, "fields": {"order": 10, "product": 19, "quantity": 1, "lineitem_total": "3500.00"}}, {"model": "checkout.orderlineitem", "pk": 13, "fields": {"order": 11, "product": 12, "quantity": 3, "lineitem_total": "8400.00"}}, {"model": "checkout.orderlineitem", "pk": 14, "fields": {"order": 12, "product": 21, "quantity": 1, "lineitem_total": "4000.00"}}, {"model": "checkout.orderlineitem", "pk": 15, "fields": {"order": 18, "product": 8, "quantity": 1, "lineitem_total": "2500.00"}}, {"model": "checkout.orderlineitem", "pk": 16, "fields": {"order": 19, "product": 10, "quantity": 1, "lineitem_total": "2500.00"}}, {"model": "checkout.orderlineitem", "pk": 17, "fields": {"order": 20, "product": 22, "quantity": 1, "lineitem_total": "3500.00"}}, {"model": "checkout.orderlineitem", "pk": 18, "fields": {"order": 21, "product": 3, "quantity": 1, "lineitem_total": "3000.00"}}, {"model": "checkout.orderlineitem", "pk": 19, "fields": {"order": 22, "product": 20, "quantity": 1, "lineitem_total": "3200.00"}}, {"model": "checkout.orderlineitem", "pk": 20, "fields": {"order": 23, "product": 20, "quantity": 1, "lineitem_total": "3200.00"}}, {"model": "checkout.orderlineitem", "pk": 21, "fields": {"order": 24, "product": 10, "quantity": 1, "lineitem_total": "2500.00"}}, {"model": "checkout.orderlineitem", "pk": 22, "fields": {"order": 25, "product": 2, "quantity": 1, "lineitem_total": "3500.00"}}, {"model": "checkout.orderlineitem", "pk": 23, "fields": {"order": 26, "product": 2, "quantity": 1, "lineitem_total": "3500.00"}}, {"model": "checkout.orderlineitem", "pk": 24, "fields": {"order": 27, "product": 19, "quantity": 1, "lineitem_total": "3500.00"}}, {"model": "checkout.orderlineitem", "pk": 25, "fields": {"order": 28, "product": 19, "quantity": 1, "lineitem_total": "3500.00"}}, {"model": "checkout.orderlineitem", "pk": 26, "fields": {"order": 31, "product": 22, "quantity": 1, "lineitem_total": "3500.00"}}, {"model": "checkout.orderlineitem", "pk": 27, "fields": {"order": 32, "product": 3, "quantity": 1, "lineitem_total": "3000.00"}}, {"model": "checkout.orderlineitem", "pk": 28, "fields": {"order": 34, "product": 20, "quantity": 1, "lineitem_total": "3200.00"}}, {"model": "checkout.orderlineitem", "pk": 29, "fields": {"order": 36, "product": 8, "quantity": 1, "lineitem_total": "2500.00"}}, {"model": "checkout.orderlineitem", "pk": 30, "fields": {"order": 41, "product": 5, "quantity": 1, "lineitem_total": "3200.00"}}, {"model": "checkout.orderlineitem", "pk": 31, "fields": {"order": 42, "product": 5, "quantity": 1, "lineitem_total": "3200.00"}}, {"model": "checkout.orderlineitem", "pk": 32, "fields": {"order": 43, "product": 16, "quantity": 1, "lineitem_total": "3500.00"}}, {"model": "checkout.orderlineitem", "pk": 33, "fields": {"order": 44, "product": 16, "quantity": 1, "lineitem_total": "3500.00"}}, {"model": "checkout.orderlineitem", "pk": 34, "fields": {"order": 51, "product": 18, "quantity": 1, "lineitem_total": "2000.00"}}, {"model": "checkout.orderlineitem", "pk": 35, "fields": {"order": 51, "product": 3, "quantity": 1, "lineitem_total": "3000.00"}}, {"model": "checkout.orderlineitem", "pk": 36, "fields": {"order": 53, "product": 18, "quantity": 1, "lineitem_total": "2000.00"}}, {"model": "checkout.orderlineitem", "pk": 37, "fields": {"order": 53, "product": 3, "quantity": 1, "lineitem_total": "3000.00"}}, {"model": "checkout.orderlineitem", "pk": 38, "fields": {"order": 53, "product": 10, "quantity": 1, "lineitem_total": "2500.00"}}, {"model": "checkout.orderlineitem", "pk": 39, "fields": {"order": 55, "product": 16, "quantity": 1, "lineitem_total": "3500.00"}}, {"model": "checkout.orderlineitem", "pk": 40, "fields": {"order": 56, "product": 2, "quantity": 20, "lineitem_total": "70000.00"}}, {"model": "checkout.orderlineitem", "pk": 41, "fields": {"order": 56, "product": 9, "quantity": 20, "lineitem_total": "64000.00"}}, {"model": "checkout.orderlineitem", "pk": 42, "fields": {"order": 59, "product": 18, "quantity": 1, "lineitem_total": "2000.00"}}, {"model": "checkout.orderlineitem", "pk": 43, "fields": {"order": 59, "product": 10, "quantity": 1, "lineitem_total": "2500.00"}}, {"model": "checkout.orderlineitem", "pk": 44, "fields": {"order": 60, "product": 18, "quantity": 1, "lineitem_total": "2000.00"}}, {"model": "checkout.orderlineitem", "pk": 45, "fields": {"order": 60, "product": 10, "quantity": 1, "lineitem_total": "2500.00"}}, {"model": "checkout.orderlineitem", "pk": 46, "fields": {"order": 61, "product": 13, "quantity": 1, "lineitem_total": "1800.00"}}, {"model": "checkout.orderlineitem", "pk": 47, "fields": {"order": 62, "product": 16, "quantity": 1, "lineitem_total": "3500.00"}}, {"model": "checkout.orderlineitem", "pk": 48, "fields": {"order": 63, "product": 10, "quantity": 1, "lineitem_total": "2500.00"}}, {"model": "checkout.orderlineitem", "pk": 49, "fields": {"order": 64, "product": 3, "quantity": 1, "lineitem_total": "3000.00"}}, {"model": "checkout.orderlineitem", "pk": 50, "fields": {"order": 67, "product": 5, "quantity": 1, "lineitem_total": "3200.00"}}, {"model": "checkout.orderlineitem", "pk": 51, "fields": {"order": 68, "product": 5, "quantity": 1, "lineitem_total": "3200.00"}}, {"model": "checkout.orderlineitem", "pk": 52, "fields": {"order": 69, "product": 16, "quantity": 1, "lineitem_total": "3500.00"}}, {"model": "checkout.orderlineitem", "pk": 53, "fields": {"order": 69, "product": 17, "quantity": 2, "lineitem_total": "6400.00"}}, {"model": "checkout.orderlineitem", "pk": 54, "fields": {"order": 69, "product": 15, "quantity": 2, "lineitem_total": "4000.00"}}, {"model": "checkout.orderlineitem", "pk": 55, "fields": {"order": 70, "product": 16, "quantity": 1, "lineitem_total": "3500.00"}}, {"model": "checkout.orderlineitem", "pk": 56, "fields": {"order": 70, "product": 17, "quantity": 2, "lineitem_total": "6400.00"}}, {"model": "checkout.orderlineitem", "pk": 57, "fields": {"order": 70, "product": 15, "quantity": 2, "lineitem_total": "4000.00"}}, {"model": "checkout.orderlineitem", "pk": 58, "fields": {"order": 71, "product": 3, "quantity": 1, "lineitem_total": "3000.00"}}, {"model": "checkout.orderlineitem", "pk": 59, "fields": {"order": 72, "product": 3, "quantity": 1, "lineitem_total": "3000.00"}}, {"model": "profiles.userprofile", "pk": 1, "fields": {"user": 1, "default_phone_number": "07324 230279", "default_street_address1": "4636 Chestnut Street", "default_street_address2": null, "default_town_or_city": "Philadelphia", "default_county": "PA", "default_postcode": "19139", "default_country": "US"}}, {"model": "profiles.userprofile", "pk": 2, "fields": {"user": 2, "default_phone_number": "1234567890", "default_street_address1": "anywhere", "default_street_address2": null, "default_town_or_city": "anyplace", "default_county": null, "default_postcode": null, "default_country": "US"}}, {"model": "profiles.userprofile", "pk": 3, "fields": {"user": 3, "default_phone_number": null, "default_street_address1": null, "default_street_address2": null, "default_town_or_city": null, "default_county": null, "default_postcode": null, "default_country": null}}, {"model": "profiles.userprofile", "pk": 4, "fields": {"user": 4, "default_phone_number": null, "default_street_address1": null, "default_street_address2": null, "default_town_or_city": null, "default_county": null, "default_postcode": null, "default_country": null}}, {"model": "profiles.userprofile", "pk": 5, "fields": {"user": 5, "default_phone_number": null, "default_street_address1": null, "default_street_address2": null, "default_town_or_city": null, "default_county": null, "default_postcode": null, "default_country": null}}, {"model": "profiles.userprofile", "pk": 6, "fields": {"user": 6, "default_phone_number": null, "default_street_address1": null, "default_street_address2": null, "default_town_or_city": null, "default_county": null, "default_postcode": null, "default_country": null}}, {"model": "profiles.userprofile", "pk": 7, "fields": {"user": 7, "default_phone_number": null, "default_street_address1": null, "default_street_address2": null, "default_town_or_city": null, "default_county": null, "default_postcode": null, "default_country": null}}, {"model": "profiles.userprofile", "pk": 8, "fields": {"user": 8, "default_phone_number": null, "default_street_address1": null, "default_street_address2": null, "default_town_or_city": null, "default_county": null, "default_postcode": null, "default_country": null}}, {"model": "profiles.userprofile", "pk": 9, "fields": {"user": 9, "default_phone_number": "07324230279", "default_street_address1": "4636 Chestnut Street", "default_street_address2": null, "default_town_or_city": "Philadelphia", "default_county": "PA", "default_postcode": "19139", "default_country": "NG"}}, {"model": "profiles.userprofile", "pk": 10, "fields": {"user": 10, "default_phone_number": null, "default_street_address1": null, "default_street_address2": null, "default_town_or_city": null, "default_county": null, "default_postcode": null, "default_country": null}}, {"model": "profiles.userprofile", "pk": 11, "fields": {"user": 11, "default_phone_number": null, "default_street_address1": null, "default_street_address2": null, "default_town_or_city": null, "default_county": null, "default_postcode": null, "default_country": null}}, {"model": "profiles.userprofile", "pk": 12, "fields": {"user": 12, "default_phone_number": "0556215531582", "default_street_address1": "45 Fake St Road", "default_street_address2": null, "default_town_or_city": "Ballycastle", "default_county": "Antrim", "default_postcode": "BH7U YYY", "default_country": "GB"}}, {"model": "profiles.userprofile", "pk": 13, "fields": {"user": 13, "default_phone_number": "080233333333", "default_street_address1": "Banana", "default_street_address2": "Island", "default_town_or_city": "Ikoyi", "default_county": "Lagos", "default_postcode": "23401", "default_country": "NG"}}, {"model": "profiles.userprofile", "pk": 14, "fields": {"user": 14, "default_phone_number": null, "default_street_address1": null, "default_street_address2": null, "default_town_or_city": null, "default_county": null, "default_postcode": null, "default_country": null}}, {"model": "profiles.userprofile", "pk": 15, "fields": {"user": 15, "default_phone_number": null, "default_street_address1": null, "default_street_address2": null, "default_town_or_city": null, "default_county": null, "default_postcode": null, "default_country": null}}, {"model": "profiles.userprofile", "pk": 16, "fields": {"user": 16, "default_phone_number": null, "default_street_address1": null, "default_street_address2": null, "default_town_or_city": null, "default_county": null, "default_postcode": null, "default_country": null}}, {"model": "profiles.userprofile", "pk": 17, "fields": {"user": 17, "default_phone_number": null, "default_street_address1": null, "default_street_address2": null, "default_town_or_city": null, "default_county": null, "default_postcode": null, "default_country": null}}, {"model": "profiles.userprofile", "pk": 18, "fields": {"user": 18, "default_phone_number": null, "default_street_address1": null, "default_street_address2": null, "default_town_or_city": null, "default_county": null, "default_postcode": null, "default_country": null}}, {"model": "profiles.userprofile", "pk": 19, "fields": {"user": 19, "default_phone_number": null, "default_street_address1": null, "default_street_address2": null, "default_town_or_city": null, "default_county": null, "default_postcode": null, "default_country": null}}, {"model": "profiles.userprofile", "pk": 20, "fields": {"user": 20, "default_phone_number": "07324 230279", "default_street_address1": "4636 Chestnut Street", "default_street_address2": null, "default_town_or_city": "Philadelphia", "default_county": "PA", "default_postcode": "19139", "default_country": "US"}}, {"model": "profiles.userprofile", "pk": 21, "fields": {"user": 21, "default_phone_number": "07324 230279", "default_street_address1": "4636 Chestnut Street", "default_street_address2": null, "default_town_or_city": "Philadelphia", "default_county": "PA", "default_postcode": "19139", "default_country": "US"}}, {"model": "wishlist.wishlist", "pk": 15, "fields": {"user_profile": 1, "product": 24, "added_date": "2023-05-22T07:04:17.687Z"}}, {"model": "wishlist.wishlist", "pk": 18, "fields": {"user_profile": 1, "product": 6, "added_date": "2023-05-22T07:47:16.405Z"}}, {"model": "wishlist.wishlist", "pk": 20, "fields": {"user_profile": 21, "product": 19, "added_date": "2023-05-22T21:19:13.999Z"}}, {"model": "coupon.coupon", "pk": 1, "fields": {"code": "CODE01", "valid_from": "2023-05-09T16:50:53Z", "valid_to": "2023-05-10T16:51:00Z", "discount": 20, "active": true}}, {"model": "coupon.coupon", "pk": 2, "fields": {"code": "DAYO01", "valid_from": "2023-05-17T10:57:44Z", "valid_to": "2023-05-24T10:57:53Z", "discount": 10, "active": false}}, {"model": "coupon.coupon", "pk": 3, "fields": {"code": "CODE05", "valid_from": "2023-05-22T21:10:40Z", "valid_to": "2023-06-30T21:10:52Z", "discount": 30, "active": true}}]